LANDMARK NAME,ID,ADDRESS,DATE BUILT,ARCHITECT,LANDMARK DESIGNATION DATE,LATITUDE,LONGITUDE,LOCATION
Vassar Swiss Underwear Company Building,L-265,2543 - 2545 W Diversey Av,,,07/30/2008,41.9316266084,-87.6921000957,"(41.9316266084, -87.6921000957)"
Mathilde Eliel House,L- 89,4122 S Ellis Av,1886,Adler & Sullivan,10/02/1991,41.819255751,-87.6027879992,"(41.819255751, -87.6027879992)"
Manhattan Building,L-139,431 S Dearborn St,1891,William LeBaron Jenney,07/07/1978,41.8760657234,-87.6289644505,"(41.8760657234, -87.6289644505)"
Machinery Hall at Illinois Institute of Technology,L- 12,100 W 33rd St,1901,"Patton, Fisher & Miller",05/26/2004,41.8351614122,-87.6292212235,"(41.8351614122, -87.6292212235)"
Melissa Ann Elam House,L- 88,4726 S Dr Martin Luther King Jr Dr,1903,Henry L. Newhouse,03/21/1979,41.808529769,-87.6172043949,"(41.808529769, -87.6172043949)"
(Former) Pioneer Trust and Savings Bank Building,L-318,4000 W. North Ave.,1924,Karl M. Vitzthum,06/06/2012,41.9101921054,-87.7266173415,"(41.9101921054, -87.7266173415)"
DuPont-Whitehouse House,L- 85,3558 S Artesian Av,1876,Oscar Cobb & Co.,04/16/1996,41.8285816489,-87.6865936818,"(41.8285816489, -87.6865936818)"
Montgomery Ward & Co. Catalog House,L-149,618 W Chicago Av,1907-08,"Richard E. Schmidt, Garden and Martin",05/17/2000,41.8974368676,-87.6436954155,"(41.8974368676, -87.6436954155)"
Vorwaerts Turner Hall,L-286,2431 W. Roosevelt Rd,,,09/03/2009,41.8661518103,-87.6872469444,"(41.8661518103, -87.6872469444)"
City Hall-County Building,L- 71,121 N LaSalle St / 118 N Clark St,1905-08,Holabird and Roche,01/21/1982,41.8838425425,-87.6316552814,"(41.8838425425, -87.6316552814)"
Illinois and Michigan Canal,L-119,S Fork of Chicago River at W Levee & W Fuller Sts,1845-48,,05/09/1996,41.8426582338,-87.6646164616,"(41.8426582338, -87.6646164616)"
Lake Shore & Michigan Southern Bridges (pair),L-242,"Calumet River, N of 98th St & E of Chicago Skyway",,,12/12/2007,41.7196867122,-87.5429609441,"(41.7196867122, -87.5429609441)"
(Former) Schlitz Brewery Tied-House@11400S.Front,L-309,11400 S. Front Ave.,1906,Frommann and Jebsen,07/06/2011,41.6871246524,-87.6123887351,"(41.6871246524, -87.6123887351)"
Haskell-Barker-Atwater Buildings,L-109,18-28 S Wabash Av,1875-77,Wheelock & Thomas and John M. Van Osdel,11/13/1996,41.8813617549,-87.6266580795,"(41.8813617549, -87.6266580795)"
300 West Adams Street Office Building,L-279,300 W Adams St,,,,41.8797274269,-87.6356810697,"(41.8797274269, -87.6356810697)"
Three Arts Club,L-239,1300 N Dearborn St,1914,Holabird and Roche,06/10/1981,41.9060070155,-87.6304679039,"(41.9060070155, -87.6304679039)"
First Baptist Congregational Church,L- 93,60 N Ashland Av,1869-71,Gurdon P. Randall,01/21/1982,41.8829904011,-87.6672815294,"(41.8829904011, -87.6672815294)"
Congress Theater,L- 75,2117-39 N Milwaukee Av / 2117-39 N Rockwell St,1925-26,Fridstein & Co.,07/10/2002,41.9203165293,-87.692213144,"(41.9203165293, -87.692213144)"
Jane Addams' Hull House and Dining Hall,L- 43,800 S Halsted St,1856,"Unknown, Dining Hall 1905: Pond & Pond",06/12/1974,41.871508892,-87.6483575157,"(41.871508892, -87.6483575157)"
Palliser's Cottage Home No. 35,L- 41,2314 W 111th Pl,1882,"Palliser, Palliser & Co.",02/16/2000,41.6910919166,-87.6793988346,"(41.6910919166, -87.6793988346)"
Steuben Club Building,L-218,188 W Randolph St,1929,Karl M. Vitzhum & Co.,07/26/2006,41.884829161,-87.6336029549,"(41.884829161, -87.6336029549)"
Hotel St. Benedict Flats,L-115,40-52 E Chicago Av,1882-83,James J. Egan,03/26/1996,41.8969804073,-87.6264417713,"(41.8969804073, -87.6264417713)"
Cortland Street Drawbridge,L- 76,1440 W Cortland St,1902,John Ernst Ericson. Bridgehse reconst. 1982,07/24/1991,41.916917265,-87.6643115534,"(41.916917265, -87.6643115534)"
August Dewes House,L- 81,509 W Wrightwood Av,1894-96,Adolph Cudell & Arthur Hercz,03/09/2005,41.9302781538,-87.6417688895,"(41.9302781538, -87.6417688895)"
New York Life Building,L-217,37-43 S LaSalle St,1893-94,1898 add:Jenney & Mundie 1903 add:Arch Unknown,07/26/2006,41.8808865829,-87.6317475108,"(41.8808865829, -87.6317475108)"
"Tree Studios, Annexes and Courtyard",L-196,601-23 N State St/4-10 E Ohio St/3-7 E Ontario St,1894,"Parfitt Brothers, with Bauer & Hill",02/26/1997,41.8928785261,-87.6277371467,"(41.8928785261, -87.6277371467)"
Gwendolyn Brooks House,L-289,7428 S. Evans Ave,1890,Unknown,02/10/2010,41.7595034373,-87.6070011998,"(41.7595034373, -87.6070011998)"
Spiegel Administration Building,L-302,1038 W. 35th Street,"1936, 1941","Battey & Kipp (1936), A. Epstein (1941-1942)",05/04/2011,41.830931883,-87.6520015393,"(41.830931883, -87.6520015393)"
Union Park Hotel,L-293,1519 West Warren Blvd,1930,Banjamin Albert Comm,06/09/2010,41.8821299211,-87.6661538374,"(41.8821299211, -87.6661538374)"
Reebie Storage Warehouse,L-173,2325-33 N Clark St,1921-22,George Kingsley,09/01/1999,41.9247194757,-87.6394457702,"(41.9247194757, -87.6394457702)"
Essanay Studios,L- 90,1333-35 W Argle St,1908-15,Various Architects,03/26/1996,41.9721486481,-87.6633353503,"(41.9721486481, -87.6633353503)"
Calumet Park Fieldhouse,L- 33,9801 S Avenue G,1922-24,South Park Commission Architects,10/04/2006,41.7177372896,-87.5305783823,"(41.7177372896, -87.5305783823)"
Frederick C. Robie House,L-176,5757 S Woodlawn Av,1909,Frank Lloyd Wright,09/15/1971,41.7899203248,-87.5959702794,"(41.7899203248, -87.5959702794)"
333 North Michigan Building,L-197,333 N Michigan Av,1928,Holabird & Roche/Holabird & Root,02/07/1997,41.8878077823,-87.6242005382,"(41.8878077823, -87.6242005382)"
"Sears, Roebuck and Company Administration Building",L-181,3333 W Arthington St,1905-14,Nimmons & Fellows and George C. Nimmons & Co.,09/04/2002,41.8696820866,-87.709632374,"(41.8696820866, -87.709632374)"
(Former) Marquette Park State Bank Building,L-274,6314 S Western Av,,,,41.7786654038,-87.6840194809,"(41.7786654038, -87.6840194809)"
Myron Bachman House,L- 52,1244 W Carmen av,1948,Bruce Goff,12/09/1992,41.9748882046,-87.6616818446,"(41.9748882046, -87.6616818446)"
Pennsylania Bridge,L-249,"S Branch Chgo River, 19th St, SE of Lumber St",,,12/12/2007,41.8556585241,-87.6370035357,"(41.8556585241, -87.6370035357)"
Chicago Varnish Company Building,L- 70,33 W Kinzie St,1895,Henry Ives Cobb,07/25/2001,41.8889956949,-87.6293480212,"(41.8889956949, -87.6293480212)"
"(Former) Engine Company 104, Truck 3",L-230,1401 S Michigan Av,1905,Charles F. Hermann,10/01/2003,41.8639576406,-87.6236100747,"(41.8639576406, -87.6236100747)"
James A. Sexton School,L-183,160 W Wendell St,1882,Architect Unknown,05/07/1978,41.9015683128,-87.6338435666,"(41.9015683128, -87.6338435666)"
Tribune Tower,L-198,435 N Michigan Av,1922-25,Raymond M. Hood and John Mead Howells,02/01/1989,41.8904602181,-87.6232650679,"(41.8904602181, -87.6232650679)"
Garfield Park Fieldhouse,L-285,100 N. Central park Ave,1928,,09/03/2009,41.8826839988,-87.7160686,"(41.8826839988, -87.7160686)"
John J. Glessner House,L-104,1800 S Prairie Av,1886,Henry Hobson Richardson,10/14/1970,41.8577246412,-87.6212106559,"(41.8577246412, -87.6212106559)"
McCormick Double House,L-143,660 N Rush St,1875,Frederick & Edward Baumann,10/06/2005,41.8942787556,-87.6257211435,"(41.8942787556, -87.6257211435)"
Richard Wright House,L-290,4831 S Vincennes Avenue,1893,Unknown,02/10/2010,41.8066696254,-87.6134970595,"(41.8066696254, -87.6134970595)"
Rosehill Cemetery Entrance,L- 21,5800 N Ravenswood Av,1864,William W. Boyington,10/16/1980,41.9865940626,-87.6752466759,"(41.9865940626, -87.6752466759)"
(Former) Mid-City Trust and Savings Bank Buildings,L-317,2 S. Halsted Street,1911-12,Horatio R. Wilson(Original Building),04/24/2012,41.8814844224,-87.6476950505,"(41.8814844224, -87.6476950505)"
Union Station,L-200,210 S Canal St,1913-25,"Graham, Anderson, Probst & White",05/01/2002,41.8786699026,-87.6403567335,"(41.8786699026, -87.6403567335)"
Alfred Caldwell Lily Pool,L- 60,North end of Lincoln Park Zoo at Fullerton Parkway,1936-38,Landscape Architect: Alfred Caldwell,11/06/2002,41.9249992261,-87.6339622471,"(41.9249992261, -87.6339622471)"
35 East Wacker Building,L-195,35 E Wacker Dr,1925-27,Joachim G. Giaver & Frederick P. Dinkelberg,02/09/1994,41.8865183645,-87.6267847658,"(41.8865183645, -87.6267847658)"
Chicago Public Library/Cultural Center,L- 68,78 E Washington St,1897,"Shepley, Rutan and Coolidge",11/05/1976,41.8838646621,-87.6249958656,"(41.8838646621, -87.6249958656)"
(Former) Engine Company 86,L-229,2414 W Cuyler Av,1899,Board of Public Works,10/01/2003,41.9551914391,-87.6892282373,"(41.9551914391, -87.6892282373)"
Elks National Memorial Headquarters Building,L- 01,2750 N Lakeview Ave,1924-26,Egerton Swartwout,10/01/2003,41.9322856215,-87.6398976486,"(41.9322856215, -87.6398976486)"
Florsheim Shoe Company Building,L- 32,3963 W Belmont Av,1924-26,Alfred S. Alschuler,03/29/2006,41.9386100074,-87.7265988984,"(41.9386100074, -87.7265988984)"
S. Pond Refectory/Men's & Ladies Comfort Station,L-189,2019 N Stockton Dr,1908&1888,S Pond:Perkins&Hamilton Comfort:Joseph L Silsbee,02/05/2003,41.9191051952,-87.6340101049,"(41.9191051952, -87.6340101049)"
"Reid, Murdoch and Company Building",L-174,320 N Clark St,1914,George C. Nimmons,11/15/1976,41.8881272387,-87.6318314721,"(41.8881272387, -87.6318314721)"
Washington Block,L-207,40 N Wells St,1873-74,Frederick & Edward Baumann,01/14/1997,41.8829558343,-87.6340776568,"(41.8829558343, -87.6340776568)"
Chicago Orphan Asylum Building,L-278,"5120 S Dr Martin Luther King, Jr. Dr",,,,41.8013419579,-87.6165077965,"(41.8013419579, -87.6165077965)"
Marshall Field and Company Building,L-141,111 N State St,1892,Daniel H. Burham & Charles Atwood,11/01/2005,41.8838568019,-87.6270377395,"(41.8838568019, -87.6270377395)"
Monadnock Block,L-148,53 W Jackson Blvd,1889-93,N1/2: Burham & Root; S1/2: Holabird & Roche,11/14/1973,41.8775314473,-87.6295458084,"(41.8775314473, -87.6295458084)"
Sydney A. Kent House,L-128,2944 S Michigan Av,1883,Burnham and Root,03/18/1987,41.8406768551,-87.6240007056,"(41.8406768551, -87.6240007056)"
(Former) Engine Company 27,L-227,1244 N Wells St,1874,1907 (add.) Board of Public Works,10/01/2003,41.9051610151,-87.634847935,"(41.9051610151, -87.634847935)"
Medinah Temple,L-145,600 N Wabash Av,1912,Huehl & Schmid,06/27/2001,41.8928877822,-87.6271415142,"(41.8928877822, -87.6271415142)"
South Shore Cultural Center,L- 11,7059 South Shore Dr,"1906,09,16",Marshall & Fox,05/26/2004,41.7676086628,-87.5644151423,"(41.7676086628, -87.5644151423)"
Old Colony Building,L-155,407 S Dearborn St,1894,Holabird & Roche,07/07/1978,41.876607594,-87.6289773341,"(41.876607594, -87.6289773341)"
Lion House - Lincoln Park Zoo,L- 15,2132 N Stockton Dr,1912,"Perkins, Fellows & Hamilton",11/30/2005,41.92133817,-87.6333359813,"(41.92133817, -87.6333359813)"
Statue of the Republic,L-191,Jackson Park at Hayes & Richards Drs,1918,"Daniel Chester French,sculptor&Henry Bacon,arch",06/04/2003,41.779596126,-87.5798816509,"(41.779596126, -87.5798816509)"
Crown Hall,L- 29,3360 S State St,1950-56,Ludwig Mies van der Rohe,10/01/1997,41.8332451677,-87.6272852013,"(41.8332451677, -87.6272852013)"
Inland Steel Building,L-121,30 W Monore St,1957,"Skidmore, Owings & Merrill",10/07/1998,41.8810733166,-87.6290031914,"(41.8810733166, -87.6290031914)"
Riviera Motor Sales Company Building,L-319,5948-60 N. Braodway,1925-26,R. Bernard Kurzon,06/06/2012,41.9906450869,-87.6607027795,"(41.9906450869, -87.6607027795)"
Schlecht House,L-226,5804 W Race Av,1887,Frederick Schock,01/20/1999,41.8903860875,-87.7703987961,"(41.8903860875, -87.7703987961)"
Ebenezer Missionary Baptist Church Building,L-313,4501 S. Vincennes Ave,1898-1899,Dankmar Adler,07/28/2011,41.8128364492,-87.6135745354,"(41.8128364492, -87.6135745354)"
Keck-Gottschalk-Keck Apartments,L-126,5551 S University Av,1937,George and William Keck,08/03/1994,41.793550861,-87.5977036617,"(41.793550861, -87.5977036617)"
6901 Oglesby Cooperative Apartment Building,L-266,6901 S Oglesby Av,1928-29,Paul Frederick Olsen,09/10/2008,41.7695991074,-87.5677851557,"(41.7695991074, -87.5677851557)"
(Former) Schlitz Brewery Stable Building,L-308,11314 S. Front Ave.,1906,Frommann and Jebsen,07/06/2011,41.6885588813,-87.6121528668,"(41.6885588813, -87.6121528668)"
860-880 Lake Shore Drive,L- 86,860-880 N Lake Shore Dr,1949-51,Ludwig Mies van der Rohe,06/10/1996,41.8988425122,-87.6188573323,"(41.8988425122, -87.6188573323)"
(Former) Hyde Park Bank,L-267,1515-1535 E 53rd St,,,,41.7993257107,-87.5881868815,"(41.7993257107, -87.5881868815)"
F. R. Schock House,L-223,5804 W Midway Park,1886,Frederick Schock,01/20/1999,41.8893216935,-87.7702225226,"(41.8893216935, -87.7702225226)"
John Raber House,L-170,5760 S LaFayette Av,1870,"Major Alterations, 1894;Thomas Wing",04/16/1996,41.7892193733,-87.6269529364,"(41.7892193733, -87.6269529364)"
Bryn Mawr Apartment Hotel,L- 57,5550 N Kenmore Av,1927-28,Alexander L. Levy & William J. Klein,11/06/2002,41.9833113433,-87.6570029558,"(41.9833113433, -87.6570029558)"
Charles N. Loucks House,L-269,3926 N Keeler,,,10/08/2008,41.9526035933,-87.7328787313,"(41.9526035933, -87.7328787313)"
Edwin Colvin House,L- 73,5940 N Sheridan Rd,1909,George W. Maher,10/05/1994,41.9903360972,-87.6558166627,"(41.9903360972, -87.6558166627)"
Northwestern University Settlement House,L-154,1400 W Augusta Blvd,1901,Pond & Pond,12/01/1993,41.9000427266,-87.6628740978,"(41.9000427266, -87.6628740978)"
Civic Opera Building,L- 72,20 N Wacker Dr,1927-29,"Graham, Anderson, Probst & White",02/05/1998,41.8825337488,-87.6375130036,"(41.8825337488, -87.6375130036)"
"Engine Company 84, Truck 51",L-238,6204 S Green St,1929,"Paul Gerhardt, Jr.",10/01/2003,41.7812663113,-87.6463969977,"(41.7812663113, -87.6463969977)"
Majestic Building and Theater,L-138,22 W Monore St,1906,Edmund R. Krause,05/11/2005,41.8810785557,-87.6285777569,"(41.8810785557, -87.6285777569)"
(Former) Schlitz Brewery-Tied House@1801W.Division,L-303,1801 W. Division St.,1900-01,Fritz Lang,05/04/2011,41.9030132443,-87.6725414477,"(41.9030132443, -87.6725414477)"
"Engine Company 5, Truck 2",L-234,324 S DesPlaines Av,1928,Alfred S. Alschulter,10/01/2003,41.87718066,-87.6443086397,"(41.87718066, -87.6443086397)"
John Wingert House,L-212,6231 N Canfield Av,1854,Add. c. 1868-75 Architect Unknown,07/31/1990,41.9943088493,-87.8216065907,"(41.9943088493, -87.8216065907)"
Richard Nickel Studio,L-294,"1810 West Cortland St,",1889`,Unknown,06/09/2010,41.916279821,-87.673241177,"(41.916279821, -87.673241177)"
Old Chicago Coast Guard Station,L-240,250 North Breakwater Access,,,12/12/2007,41.8876407491,-87.6101975521,"(41.8876407491, -87.6101975521)"
Germania Club Building,L-298,108 W. Germania Place / 1538-1542 N. Clark St.,1889,Addison  and Fiedler,01/13/2011,41.9106132428,-87.6320775815,"(41.9106132428, -87.6320775815)"
Laramie State Bank Building,L-132,5200 W Chicago Av,1927-29,Meyer & Cook with Northwestern Terra Cotta Co.,06/14/1995,41.8952077596,-87.7558375828,"(41.8952077596, -87.7558375828)"
Ida B. Wells-Barnett House,L-208,3624 S Dr Martin Luther King Jr Dr,1889,Joseph A. Thain,10/02/1995,41.8285919899,-87.6177320886,"(41.8285919899, -87.6177320886)"
Clarence Buckingham Memorial Fountain and Garden,L- 58,Grant Park at Congress Drive,1927,"Bennett, Parsons & Frost with Jacques Lambert",08/30/2000,41.8757971904,-87.6189879276,"(41.8757971904, -87.6189879276)"
Farwell Building,L- 07,664 N Michigan Ave,1927,Philip B. Maher,03/10/2004,41.8943149417,-87.6246207821,"(41.8943149417, -87.6246207821)"
Krause Music Store,L-130,4611 N Lincoln Av,1922,William Presto ans Louis H. Sullivan,09/28/1977,41.965336129,-87.6860108177,"(41.965336129, -87.6860108177)"
Biograph Theater,L- 53,2433-43 N Lincoln Av,1914,Samuel N. Corwen,03/28/2001,41.9265207104,-87.64975918,"(41.9265207104, -87.64975918)"
Roanoke Building and Tower,L-254,11 S LaSalle St,,,12/12/2007,41.8817071178,-87.6319535815,"(41.8817071178, -87.6319535815)"
Illinois-Indiana State Line Boundary Marker,L-118,"Avenue G, near 103rd St",1838,Office of the United States Surveyor-General,09/04/2002,41.7088646706,-87.5262226891,"(41.7088646706, -87.5262226891)"
Veseman Building,L-255,444 N LaSalle St,,,12/12/2007,41.890479153,-87.6328894866,"(41.890479153, -87.6328894866)"
Charles Hitchcock House,L-113,5704 W Ohio St,1871,Architect Unknown,07/07/1992,41.8913213962,-87.7680837965,"(41.8913213962, -87.7680837965)"
K.A.M. Isaiah Israel Temple,L-124,1100 E Hyde Park Blvd,1924,Alfred S. Alschuler,06/09/1977,41.8028258295,-87.5986163947,"(41.8028258295, -87.5986163947)"
Site of the John & Mary Jones House,L- 10,SW Corner of W 9th St & Plymouth Ct,,,05/26/2004,41.8697949779,-87.6295609692,"(41.8697949779, -87.6295609692)"
IBM Building,L-258,330 North Wabash Av,,,02/06/2008,41.8886144897,-87.627507656,"(41.8886144897, -87.627507656)"
John Rath House,L-172,2703 W Logan Blvd,1907,George W. Maher,12/01/1993,41.9278983322,-87.6953097347,"(41.9278983322, -87.6953097347)"
Bush Temple of Music,L- 59,100 W Chicago Av,1901,J.E.O. Pridmore,06/27/2001,41.8969029318,-87.6316684701,"(41.8969029318, -87.6316684701)"
Humboldt Park Boathouse Pavilion,L-116,1301 N Humboldt Blvd,1907,"Richard E. Schmidt,Garden & Martin w/ Jens Jenson",11/13/1996,41.9056214802,-87.7008044418,"(41.9056214802, -87.7008044418)"
Milwaukee & St Paul Bridge,L-250,"N Branch Chgo River, Cherry Av, S of North Ave",,,12/12/2007,41.9103687297,-87.655522189,"(41.9103687297, -87.655522189)"
Illinois Central Swing Bridge,L-245,"San & Ship Canal, N of Stevenson Exp & E of Kedzie",,,12/12/2007,41.8324244328,-87.7024136703,"(41.8324244328, -87.7024136703)"
Brewster Apartments,L- 54,2800 N Pine Grove Av,1893,Enoch Hill Turnock,10/06/1982,41.9331639618,-87.6415829766,"(41.9331639618, -87.6415829766)"
(Former) Belmont-Sheffield Trust & Savings Bldg,L-260,3150 N Sheffield Av,,,07/09/2008,41.9396787526,-87.6544485367,"(41.9396787526, -87.6544485367)"
Illinois Central Swing Bridge,L-248,"San & Ship Canal, S of 35th St & E of Pulaski Rd",,,12/12/2007,41.8286493748,-87.7144107037,"(41.8286493748, -87.7144107037)"
James Ward Public School,L-205,2703 S Shields Av,1874-75,Johnson & Edelmann Add:1897;N. S. Patton,09/14/2005,41.8431960865,-87.6350923115,"(41.8431960865, -87.6350923115)"
Kimbell Trust and Savings Bank Building,L-282,,,,,41.9249085241,-87.7172693271,"(41.9249085241, -87.7172693271)"
American System-Built Houses,L- 47,10410 S Hoyne Av,1917,Frank Lloyd Wright,07/13/1994,41.7041967461,-87.6746479892,"(41.7041967461, -87.6746479892)"
Goldblatt Bros. Department Store,L-105,1613-1635 W Chicago av,1921-22,Alfred S. Alshuler,04/01/1998,41.8957717929,-87.6682731246,"(41.8957717929, -87.6682731246)"
Stephen Foster House and Stable,L- 97,12147 S Harvard Av,1900,Frank Lloyd Wright,05/09/1996,41.6728032228,-87.6305737503,"(41.6728032228, -87.6305737503)"
Woman's Athletic Club,L-213,626 N Michigan av,1928,Philip B. Maher,10/02/1991,41.8935811629,-87.6246010223,"(41.8935811629, -87.6246010223)"
Chicago Board of Trade Building,L- 14,141 W Jackson Blvd,1930,Holabird & Root,05/04/1977,41.8777351318,-87.6322711493,"(41.8777351318, -87.6322711493)"
Pittsfield Building,L-167,55 E Washington st,1927,"Graham, Anderson, Probst & White",11/06/2002,41.8829469518,-87.625716287,"(41.8829469518, -87.625716287)"
Mundelein College Skyscraper Building,L- 36,1020 W Sheridan Rd,1930-31,Joseph W McCarthy,12/13/2006,41.998675941,-87.6565516229,"(41.998675941, -87.6565516229)"
Marie Schock House,L-225,5749 W Race Av,1888,Frederick Schock,01/20/1999,41.889758609,-87.7697167565,"(41.889758609, -87.7697167565)"
(Former) Engine Company 42 Firehouse,L-253,228 W Illinois St,,,12/12/2007,41.891006795,-87.6352824539,"(41.891006795, -87.6352824539)"
Wood-Maxey-Boyd House,L-214,2801 S Prarie Av,1885,John C. Cochrane,10/01/2003,41.8432902979,-87.619976759,"(41.8432902979, -87.619976759)"
Chicago & Northwestern Bridge,L-251,"N Branch Chgo River, S of Kinzie & E of Canal St",,,12/12/2007,41.8885100645,-87.6390992381,"(41.8885100645, -87.6390992381)"
(Former) Stock Yards National Bank Building,L-281,4150 S Halsted St,,,,41.8188089866,-87.6462960058,"(41.8188089866, -87.6462960058)"
Peoples Gas-Irving Park Neighborhood Store,L-163,4829 W Irving Park Rd,1926,George Grant Elmslie & Herman V. von Holst,03/18/1987,41.9530942943,-87.7489038399,"(41.9530942943, -87.7489038399)"
Francis J. Dewes House,L- 82,503 W Wrightwood Av,1896,Adolph Cudell & Arthur Hercz,06/12/1974,41.9303407661,-87.6415742279,"(41.9303407661, -87.6415742279)"
Dearborn Street Station,L- 79,47 W Polk St,1885,Cyrus L. W. Eidlitz,03/02/1982,41.8717405487,-87.6291049252,"(41.8717405487, -87.6291049252)"
Wrigley Building,L-320,400-410 North Michigan Avenue,1921,"Graham, Anderson, Probst and White",05/09/2012,41.8897256315,-87.6248529223,"(41.8897256315, -87.6248529223)"
St. Gelasius Church Building,L- 02,6401-09 S Woodlawn Ave,1923-28,Henry J. Schlacks,01/14/2004,41.7783516794,-87.5957609348,"(41.7783516794, -87.5957609348)"
(Former) Calumet National Bank Bldg,L-261,9117 S Commercial Av,,,07/09/2008,41.7295112391,-87.5508459436,"(41.7295112391, -87.5508459436)"
White Castle # 16,L-312,43 East Cermak Road,1930,Lewis E. Russell,10/05/2011,41.8526379217,-87.6253298227,"(41.8526379217, -87.6253298227)"
Old Republic Building,L-299,307 N. Michigan Ave,1924,K. M. Vitzthum and Company,12/08/2010,41.887086452,-87.6241814106,"(41.887086452, -87.6241814106)"
Trustees System Service Building,L- 03,201 N Wells St,1929-30,"Thielbard & Fugard w/ Eugene&Gwen Lux,Edgar Miller",01/14/2004,41.8860461885,-87.6336339931,"(41.8860461885, -87.6336339931)"
Wrigley Field,L- 04,1060 W Addison St,1914,Zachary T. & Charles G. Davis,02/11/2004,41.9481448318,-87.6555425867,"(41.9481448318, -87.6555425867)"
"(Former) Engine Company 35, Truck 28",L-228,1625 N Damen Av,"1894,1904","Board of Public Works, add: W. C. Zimmerman",10/01/2003,41.9112378121,-87.6771416078,"(41.9112378121, -87.6771416078)"
Allerton Hotel,L- 45,701 N Michigan Av,1922,Murgatroyd & Ogden with Fugard & Knapp,04/29/1998,41.8952009758,-87.6237137555,"(41.8952009758, -87.6237137555)"
Chicago & Illinois Western Bridge,L-247,"Collateral Channel Water Lot D,33rd,E of Kedzie",,,12/12/2007,41.8340332832,-87.7019428541,"(41.8340332832, -87.7019428541)"
Robert W. Roloson Houses,L-177,3213-19 S Calumet Av,1894,Frank Lloyd Wright,12/27/1979,41.8360509541,-87.617868313,"(41.8360509541, -87.617868313)"
"Engine Company 65, Truck 52",L-237,3000 W. 42nd St,1929,"Paul Gerhardt, Jr.",10/01/2003,41.8037338592,-87.7353570425,"(41.8037338592, -87.7353570425)"
Chicago Building,L- 67,7 W Madison St,1905,Holabird & Roche,03/26/1996,41.881849562,-87.6281729688,"(41.881849562, -87.6281729688)"
American System-Built Houses,L- 48,10541 S Hoyne Av,1917,Frank Lloyd Wright,07/13/1994,41.7015922036,-87.6738263553,"(41.7015922036, -87.6738263553)"
Continental And Commercial National Bank Building,L-252,208 South LaSalle St,,,12/12/2007,41.8790789815,-87.6330118538,"(41.8790789815, -87.6330118538)"
Blackstone Library,L-297,4904 S. Lake Park Ave,1904,Solon Spencer Beman,01/13/2011,41.805828791,-87.5903059538,"(41.805828791, -87.5903059538)"
Home Bank & Trust Company,L-256,1200-08 N Ashland Av / 1600-12 W Division St,,Karl M. Vitzthum,02/06/2008,41.9036108008,-87.6679607871,"(41.9036108008, -87.6679607871)"
Metropolitan Missionary Baptist Church,L-146,2151 W Washington Blvd,1901,Hugh M.G. Garden,02/16/1989,41.8828003421,-87.6812423555,"(41.8828003421, -87.6812423555)"
Noble-Seymour-Crippen House,L-153,5624 N Newark Av,1833,"addit 1863, Architects Unknown",05/11/1988,41.9836151349,-87.7958473092,"(41.9836151349, -87.7958473092)"
Roberts Temple Church of God in Christ Building,L- 30,4021 S State St,1922,"Edward G. McClellan add:1927,unknown,remod:1992-93",03/29/2006,41.8212099271,-87.6259113331,"(41.8212099271, -87.6259113331)"
Soldiers' Home,L- 26,739 E 35th St,1864-1923,William W. Boyington (1866 sect),04/16/1996,41.8307510749,-87.6074738685,"(41.8307510749, -87.6074738685)"
Michigan Avenue Bridge and Wacker Dr Esplanade,L-220,"S Side of Chicago River, bet Michigan and Wabash",1920&1926,Bridge & Bridge Hses:1920:E. Bennett,10/02/1991,41.8885621636,-87.6248160434,"(41.8885621636, -87.6248160434)"
Madonna Della Strada Chapel,L-137,6453 N. Kenmore Avenue,1938-39,Andrew N. Rebori,09/02/2004,41.9995586369,-87.6562471998,"(41.9995586369, -87.6562471998)"
Griffiths-Burroughs House,L-292,3806 S. Michigan Avenue,1892,Solon S. Beman,02/10/2010,41.8252664679,-87.6236652359,"(41.8252664679, -87.6236652359)"
Assumption School,L- 49,319 W Erie St,1899,Frederick R. Foltz,07/09/2003,41.8937173011,-87.6365184841,"(41.8937173011, -87.6365184841)"
Lindemann and Hoverson Company,L-270,2620 W Washington Blvd,,,,41.8833505943,-87.691870419,"(41.8833505943, -87.691870419)"
Main Building at Illinois Institute of Technology,L- 13,3320 S Federal St,1891-93,Patton & Fisher,05/26/2004,41.8336805026,-87.6292230641,"(41.8336805026, -87.6292230641)"
Whistle Stop Inn,L-211,4200 W Irving Park Rd,1889,Architect Unknown,12/05/1990,41.953817572,-87.7326762984,"(41.953817572, -87.7326762984)"
Shedd Park Fieldhouse,L- 05,3600 W 23rd St,1916-17,William Drummond,02/11/2004,41.85016619,-87.7170606822,"(41.85016619, -87.7170606822)"
Brooks Building,L- 56,233 W Jackson Blvd,1910,Holabird & Roche,01/14/1997,41.8778764445,-87.634778221,"(41.8778764445, -87.634778221)"
Immaculata High School & Convent Buildings,L- 20,640 W Irving Park Rd & 4030 N Marine Dr,1922,Barry Byrne,07/27/1983,41.9551213381,-87.646291602,"(41.9551213381, -87.646291602)"
Chicago Theater,L- 69,175 N State St,1921,Rapp and Rapp,01/28/1983,41.8853885067,-87.6272232232,"(41.8853885067, -87.6272232232)"
Auditorium Building,L- 50,430 S Michigan Av,1886-90,Adler & Sullivan,09/15/1976,41.8760394215,-87.6251600082,"(41.8760394215, -87.6251600082)"
227 East Walton Place Apartment Building,L-314,227 East Walton Place,1956,Harry Weese,05/09/2012,41.8998142935,-87.6207782308,"(41.8998142935, -87.6207782308)"
New Regal Theater,L-151,1641 E 79th st,1927,John Eberson,06/17/1992,41.7512473796,-87.5835096955,"(41.7512473796, -87.5835096955)"
Engine Company 78,L-231,1052 W Waveland Av,1915,Charles W. Kallal,10/01/2003,41.9493008207,-87.6565680861,"(41.9493008207, -87.6565680861)"
King-Nash House,L-129,3234 W Washington Blvd,1901,George W. Maher,02/10/1988,41.883054938,-87.7075949912,"(41.883054938, -87.7075949912)"
(Former) Swedish American State Bank Bldg,L-264,5400 N Clark St,,,07/09/2008,41.9799788623,-87.6685514296,"(41.9799788623, -87.6685514296)"
Stephen Race House,L-171,3945 N Tripp Av,1874,Architect Unknown,09/22/1988,41.9531018569,-87.7336707451,"(41.9531018569, -87.7336707451)"
Pate-Comiskey House,L-162,5131 S Michigan Av,1901,George Maher,10/01/2003,41.8010165532,-87.6221496925,"(41.8010165532, -87.6221496925)"
Heald Square Monument,L-206,Wacker Dr at Wabash Av,1936-41,"Lorado Taft & Leonrd Crunelle, Sculptors",09/15/1971,41.8870052799,-87.6269280677,"(41.8870052799, -87.6269280677)"
Kaufmann Store and Flats,L-125,2312-14 N Lincoln Av (S Half:1883;North Half:1887),1883,Adler & Sullivan,04/16/1996,41.9238674291,-87.6470710728,"(41.9238674291, -87.6470710728)"
Yale Apartments,L-215,6565 S Yale Av,1892-93,John T. Long,04/09/2003,41.7747041062,-87.631296223,"(41.7747041062, -87.631296223)"
Carl Schurz High School,L-180,3601 N Milwaukee Av,1910,Dwight H. Perkins,12/07/1979,41.9472702951,-87.7356393075,"(41.9472702951, -87.7356393075)"
Gage Group,L- 98,"18,24, and 30 S Michigan Av",1899-1900,"Louis H. Sullivan (18),Holabird & Roche (25 & 30)",09/11/1996,41.8813237899,-87.6249801492,"(41.8813237899, -87.6249801492)"
Jewish People's Institute,L- 23,3500 W Douglas Blvd,1927,Klaber & Grunfeld,06/28/2000,41.863255626,-87.7133729164,"(41.863255626, -87.7133729164)"
(Former) Fullerton State Bank Bldg,L-262,1425 W Fullerton Av,,,07/09/2008,41.9249455279,-87.6643520227,"(41.9249455279, -87.6643520227)"
McGraw-Hill Building,L-144,520 N Michigan Av,1928-29,Thielbar & Fugard,02/07/1997,41.891410922,-87.6248926856,"(41.891410922, -87.6248926856)"
Site of the Sauganash Hotel/Wigwam,L-188,SE corner of Lake St & Wacker Dr,1831,,11/06/2002,41.8853653984,-87.6364727484,"(41.8853653984, -87.6364727484)"
Samuel M. Nickerson House,L-152,40 E Erie St,1883,Burling & Whitehouse,09/28/1977,41.8943505796,-87.6265337873,"(41.8943505796, -87.6265337873)"
Third Unitarian Church Building,L-259,301 N Mayfield Av,1936,"Paul Schweikher, addit in 1956:William Fyfe",02/06/2008,41.8858772448,-87.7715177336,"(41.8858772448, -87.7715177336)"
"Garfield Boulevard ""L"" Station and Overpass",L- 99,319 E Garfield Blvd,1892,Myron Church,12/12/2001,41.7937353344,-87.6183036472,"(41.7937353344, -87.6183036472)"
(Former) Schlitz BreweryTied-House@958W.69th St.,L-304,958 W. 69th St.,1898,Unknown,07/06/2011,41.769006287,-87.6492013632,"(41.769006287, -87.6492013632)"
Leiter II Building,L- 25,403 S State St,1891,William LeBaron Jenney,01/14/1997,41.8763370403,-87.6271867248,"(41.8763370403, -87.6271867248)"
Chapin and Gore Building,L- 64,63 E Adams,1904,Richard E. Schmidt and Hugh M.G. Garden,01/21/1982,41.8793273197,-87.6256147818,"(41.8793273197, -87.6256147818)"
Carson Pirie Scott & Company Building,L- 63,1 S State St,1898-99,"Louis H. Sullivan, 1905-6:D.H. Burnham&Co.",11/05/1970,41.8814058757,-87.6269801114,"(41.8814058757, -87.6269801114)"
Albert F. Madlener House,L-136,4 W Burton Pl,1902,Richard E. Schmidt & Hugh M.G. Garden,03/22/1973,41.9096485971,-87.6292217949,"(41.9096485971, -87.6292217949)"
Chicago & Western Indiana  Railroad Bridge,L-243,"Calumet River, 126th St, W of Torrence Av",1967-68,James Peterson,12/12/2007,41.6693406136,-87.558964347,"(41.6693406136, -87.558964347)"
Belle Shore Apartment Hotel,L- 55,1062 W Bryn Mawr Av,1928-29,Nathaniel Koenigsberg & Leon Weisfeld,11/06/2002,41.9838506859,-87.6576244692,"(41.9838506859, -87.6576244692)"
Site of the Origin of the Chicago Fire of 1871,L-187,Dekoven (1050s) & Jefferson (600w) St,1871,"comm sculpture,""Pillar of Fire"" Egon Weiner 1961",09/15/1971,41.8692720628,-87.6419907162,"(41.8692720628, -87.6419907162)"
Emil Bach House,L- 51,7415 N Sheridan Road,1915,Frank Lloyd Wright,09/28/1977,42.0165829133,-87.6647753031,"(42.0165829133, -87.6647753031)"
Field Building,L- 91,135 S LaSalle St,1924-34,"Graham, Anderson, Probst & White",02/09/1994,41.8797642534,-87.6315477722,"(41.8797642534, -87.6315477722)"
Rookery Building,L-156,209 S LaSalle St,1885-88,Burnham & Root,07/05/1972,41.8790761299,-87.6317974337,"(41.8790761299, -87.6317974337)"
Pulaski Park Fieldhouse,L-168,1419 W Blackhawk St,1912-14,William Carbys Zimmerman,07/29/2003,41.9064853706,-87.6632836491,"(41.9064853706, -87.6632836491)"
"Engine Company 45, Truck 15",L-233,4600 S Cottage Grove Av,1928,Argyle E. Robinson,10/01/2003,41.8111849939,-87.6070024003,"(41.8111849939, -87.6070024003)"
London Guarantee Building,L-134,360 N Michigan Av,1922-23,Alfred S. Alschuler,04/16/1996,41.8879557052,-87.6250578561,"(41.8879557052, -87.6250578561)"
McGill House,L- 28,4938 S Drexel Blvd,1891,Henry Ives Cobb,04/26/2006,41.8048612592,-87.6047911873,"(41.8048612592, -87.6047911873)"
Ludington Building,L-135,1104 S Wabash Av,1891,William LeBaron Jenney,06/10/1996,41.8690058489,-87.626354968,"(41.8690058489, -87.626354968)"
(Former) Schlitz BreweryTied-House@3456SWestern,L-307,3456 S. Western Ave.,1899,Kley & Lang,07/06/2011,41.8304224833,-87.6854449419,"(41.8304224833, -87.6854449419)"
Second Presbyterian Church,L-182,1928-1936 S Michigan Av,1874,James Renwick Recon:1900;Howard Van Doren Shaw,09/28/1977,41.8557248795,-87.6243593054,"(41.8557248795, -87.6243593054)"
(Former) Schlitz Brewery-Tied House,L-300,5120 N. Broadway,1904,Charles Thisslew,05/04/2011,41.9752251056,-87.6602583662,"(41.9752251056, -87.6602583662)"
Lorado Taft's Midway Studios,L-192,6016 S Ingleside Dr,1890-1929,"Arch ?, recon:1929;O F Johnson Add:1964;E D Dart",12/01/1993,41.7855264091,-87.6032052025,"(41.7855264091, -87.6032052025)"
(Former) Sheridan Trust and Savings Bank Building,L-271,4753 N Broadway,1924-28,"Marshall & Fox, Huszagh & Hill",10/08/2008,41.9686225445,-87.65913012,"(41.9686225445, -87.65913012)"
"Pennsylvania ""Eight Track"" Bridge",L-246,"San & Ship Canal, S of 31st & W of Western Av",,,12/12/2007,41.8370788107,-87.6875954375,"(41.8370788107, -87.6875954375)"
Uptown Theater,L-202,4816 N Broadway,1925,Rapp & Rapp,10/02/1991,41.969525712,-87.6601956677,"(41.969525712, -87.6601956677)"
"Eighth Church of Christ, Scientist",L- 87,4359 S Michigan Av,1911,Leon E. Stanhope,06/09/1993,41.8149877687,-87.6225078834,"(41.8149877687, -87.6225078834)"
Chicago Harbor Lighthouse,L- 19,"S End of the North Breakwater,N side of Harbor Ent",1893,Unknown,04/09/2003,41.8892733652,-87.5904094691,"(41.8892733652, -87.5904094691)"
Chess Records Office and Studio,L- 66,2120 S Michigan Av,1911,Horatio Wilson,05/16/1990,41.8536064409,-87.6242198953,"(41.8536064409, -87.6242198953)"
Isidore H. Heller House,L-111,5132 S Woodlawn Av,1897,Frank Lloyd Wright,09/15/1971,41.8014083215,-87.5971117009,"(41.8014083215, -87.5971117009)"
St Ignatius College Prep Building,L-221,1076 W Roosevelt Rd,1869,Toussaint Menard west add:1874;John P. Huber,03/18/1987,41.867418562,-87.6541220413,"(41.867418562, -87.6541220413)"
Gauler Twin House,L-101,5921 N Magnolia Av,1908,Walter Burley Griffin,06/28/2000,41.9897069735,-87.6611934358,"(41.9897069735, -87.6611934358)"
Museum of Science and Industry,L- 27,57th St and Lake Shore Dr,1891-93,Charles B. Atwood,11/01/1995,41.7905472338,-87.5828746617,"(41.7905472338, -87.5828746617)"
Village Theatre,L-276,1546-1550 N Clark St,,,,41.9108452763,-87.6320888311,"(41.9108452763, -87.6320888311)"
Stephen A. Douglas Memorial,L- 84,35th St and Cottage Grove Av,1881,Leonard W. Volk,09/28/1977,41.8316280537,-87.6084033152,"(41.8316280537, -87.6084033152)"
Site of the 1st Self-Sustain Cont. Nuclear Chain,L-184,East Side of S Ellis Ave between 56th & 57th St,1942,"Commern. sculpture,""Nuclear Energy"" Henry Moore",10/27/1971,41.7921621211,-87.6008698951,"(41.7921621211, -87.6008698951)"
Fisher Building,L- 94,343 S Dearborn St,1896,D.H. Burnham & Co. 1907:side add. Peter Weber,06/07/1978,41.8771986354,-87.6289913776,"(41.8771986354, -87.6289913776)"
(Former) South Side Trust Bank Bldg,L-263,4659 S Cottage Grove Av,,,07/09/2008,41.8097663459,-87.6061132825,"(41.8097663459, -87.6061132825)"
Robert Lindblom Technical High Schoool building,L-296,6130 S. Wolcott Ave,1917-1919,Arthur F. Hussander,06/09/2010,41.7820970584,-87.6721645801,"(41.7820970584, -87.6721645801)"
Reliance Building,L-175,32 N State St,1890,base:Burham & Root Upper Stor: D.H. Burnham and Co,07/11/1975,41.8830285557,-87.6282415079,"(41.8830285557, -87.6282415079)"
Dr. Philip Weintraub House,L-283,3252 W. Victoria St,,Andrew N. Rebori,09/03/2009,41.9859371464,-87.7110509022,"(41.9859371464, -87.7110509022)"
Charles D. Iglehart House,L-117,11118 S Artesian Av,1857,Architect Unknown,07/13/1994,41.6911832728,-87.6827684859,"(41.6911832728, -87.6827684859)"
Engine Company 61,L-232,5349 S Wabash Av,1927-28,Charles W. Kallal,10/01/2003,41.7966978108,-87.6236607767,"(41.7966978108, -87.6236607767)"
Pilgrim Baptist Church,L-166,3301 S Indiana Av,1890-91,Adler & Sullivan,12/18/1981,41.8344644349,-87.621482506,"(41.8344644349, -87.621482506)"
Kenwood United Church of Christ,L-311,4600-4608 South Greenwood Avenue,1930,"William W. Boyington, Henry B. Wheelock,Chatten",10/05/2011,41.8111672548,-87.599781067,"(41.8111672548, -87.599781067)"
West Town State Bank Building,L-209,2400 W Madison St,1929-30,Mundie & Jensen,10/01/2003,41.8814310723,-87.6867353759,"(41.8814310723, -87.6867353759)"
Navy Pier (Headhouse and East End Building),L-150,Grand Av and Streeter Dr at Lake Michigan,1916,Charles Summer Frost,11/14/1977,41.8917352558,-87.6046964212,"(41.8917352558, -87.6046964212)"
Carl Sandburg House,L- 34,4646 N Hermitage Av,1886,Unknown,10/04/2006,41.9665720815,-87.6729894567,"(41.9665720815, -87.6729894567)"
63rd Street Bathing Pavilion,L-222,South Lake Shore Dr and 63rd St,1919,South Park Commission Architects,12/08/2004,41.7814414364,-87.5737125481,"(41.7814414364, -87.5737125481)"
Bryan Lathrop House,L- 31,120 E Bellevue Pl,1892,"McKim, Meade & White",05/09/1973,41.9018797146,-87.625063762,"(41.9018797146, -87.625063762)"
Fisher Studio Houses,L- 80,1209 N State Pkwy,1936,Andrew Rebori & Edgar Miller,07/31/1996,41.9042760697,-87.6282941956,"(41.9042760697, -87.6282941956)"
(Former) Marshfield Trust and Savings Bank Bldg,L-272,3321 N Lincoln Av,,,,41.9421918025,-87.6701634545,"(41.9421918025, -87.6701634545)"
Chicago City  Bank & Trust Co,L-268,815-815 W 63RD ST,1920,,,41.7793988527,-87.6455288502,"(41.7793988527, -87.6455288502)"
Courthouse Place,L- 77,54 W Hubbard St,1893,Otto H. Matz,06/09/1993,41.8902709798,-87.6301319449,"(41.8902709798, -87.6301319449)"
Drake Fountain,L- 06,92nd St @ South Chicago & Exchange Ave,1892,Richard Henry Park,03/10/2004,41.7280940998,-87.552758661,"(41.7280940998, -87.552758661)"
Marquette Building,L-140,140 S Dearborn St,1895,Holabird and Roche,06/09/1975,41.8797869732,-87.6297401183,"(41.8797869732, -87.6297401183)"
Powhatan Apartments,L- 24,4950 S Chicago Beach Dr,1927-29,Robert DeGolyer & Charles Morgan,01/12/1993,41.8046084045,-87.5844718519,"(41.8046084045, -87.5844718519)"
Chicago Motor Club Building,L-315,69 E. Wacker Place,1928,Holabird & Root,05/09/2012,41.8870347853,-87.6254250923,"(41.8870347853, -87.6254250923)"
Metropolitan Apostolic Community Church Building,L- 39,4100 S Dr Martin Luther King Jr Dr,1890,John Turner Long.1913 mn sanc alt Charles S Frost,07/19/2007,41.8199982447,-87.6175252982,"(41.8199982447, -87.6175252982)"
Delaware Building,L- 95,36 W Randolph St,1872-74,"Wheelock & Thomas,2 story add + atrium 1889 Huber",11/23/1983,41.884686068,-87.629193382,"(41.884686068, -87.629193382)"
Truevine Missionary Baptist Church Building,L- 37,6720 S Stewart Av,1892,Holabird and Roche,02/07/2007,41.7717845083,-87.6352563581,"(41.7717845083, -87.6352563581)"
First Church of Deliverance,L- 78,4315 S Wabash Av,1939,"Walter T. Bailey,1946 Add. Kocher,Buss & DeKlerk",10/05/1994,41.8158826088,-87.624158884,"(41.8158826088, -87.624158884)"
Harris and Selwyn Theaters,L-108,180-90 N Dearborn st,1922,C. Howard Crane & H Kenneth Franzheim,03/31/1983,41.8850527944,-87.6298759973,"(41.8850527944, -87.6298759973)"
Rockefeller Memorial Chapel,L-178,1156-80 E 59th St,1925-28,Bertram Grosvenor Goodhue Associates,11/03/2004,41.7885259092,-87.5970443072,"(41.7885259092, -87.5970443072)"
John Jacob Walser House,L-204,42 N Central Av,1903,Frank Llyod Wright,03/30/1984,41.8815281961,-87.765373899,"(41.8815281961, -87.765373899)"
Charles Turzak House,L-199,7059 N Olcott Av,1938-39,Bruce Goff,12/09/1992,42.0095630785,-87.8132519358,"(42.0095630785, -87.8132519358)"
Theurer-Wrigley House,L-194,2466 N Lakeview Av,1896,Richard E. Schmidt,08/10/1979,41.9275524015,-87.6395390064,"(41.9275524015, -87.6395390064)"
Holy Trinity Orthodox Cathedral and Rectory,L-114,1121 N Leavitt St,1903,Louis H. Sullivan,03/21/1979,41.9019437029,-87.6817887088,"(41.9019437029, -87.6817887088)"
(Former) Schlitz BreweryTied-House@2159 W.Belmont,L-305,2159 W. Belmont Ave.,1903-1904,Charles Thisslew,07/06/2011,41.9392502017,-87.6830331298,"(41.9392502017, -87.6830331298)"
South Side Community Art Center,L-190,3831 S Michigan Av,1892-93,Gustav Hallburg remod:1940;Hin Bredendieck&Lerner,06/16/1994,41.8245859483,-87.6226406573,"(41.8245859483, -87.6226406573)"
Humboldt Park Receptory Building and Stable,L-257,3015 W Divison St,,,02/06/2008,41.9023067948,-87.70333639,"(41.9023067948, -87.70333639)"
Jackson-Thomas House,L-122,7053 N Ridge Blvd,1874,Architect Unknown,10/16/1984,42.010392421,-87.6819294776,"(42.010392421, -87.6819294776)"
American School of Correspondence,L- 46,850 E 58th St,1907,Pond & Pond,04/15/1995,41.789753922,-87.6041036284,"(41.789753922, -87.6041036284)"
Palmer House Hotel,L- 35,17 E Monroe St,1925-27,Holabird & Roche,12/13/2006,41.8803068866,-87.6269542177,"(41.8803068866, -87.6269542177)"
Site of Haymarket Tragedy,L-186,"Desplaines St(650W), bet Randolph & Lake",1886,,03/25/1992,41.8851560683,-87.6442084744,"(41.8851560683, -87.6442084744)"
"Engine Company 59, Truck 47",L-235,5714 N Ridge Av,1928,Argyle E. Robinson,10/01/2003,41.9857240595,-87.6640331512,"(41.9857240595, -87.6640331512)"
Schoenhofen Brewery,L-179,18th St & Canalport (500W),1886,Admin Bldg: Adolph Cudell,07/13/1988,41.8580556905,-87.6397318774,"(41.8580556905, -87.6397318774)"
Wheeler-Kohn House,L-210,2016-20 S Calumet Av,1870,Otis L. Wheelock,02/05/1998,41.8549118495,-87.6195335943,"(41.8549118495, -87.6195335943)"
"Abraham Lincoln Monument (""Standing Lincoln"")",L-107,Lincoln Park at Dearborn Parkway,1887,"A Saint-Gaudens,Sculptor & S White,Architect",12/12/2001,41.9126040562,-87.6302554195,"(41.9126040562, -87.6302554195)"
"Perkins, Fellows & Hamilton Office and Studio",L-165,814 N Michigan Av,1917,"Perkins, Fellows & Hamilton",12/01/1993,41.8972320507,-87.6250726676,"(41.8972320507, -87.6250726676)"
Lorraine Hansberry House,L-291,6140 S. Rhodes Avenue,1909,Albert G. Ferree,02/10/2010,41.7827387885,-87.6124201046,"(41.7827387885, -87.6124201046)"
(Former) Cosmopolitan State Bank Building,L-280,801 N Clark St,,,,41.8968472205,-87.6308257431,"(41.8968472205, -87.6308257431)"
Henry Gerber House,L-102,1710 N Crilly Court,1885,Architect Unknown,06/06/2001,41.9132133257,-87.636030583,"(41.9132133257, -87.636030583)"
Union Stock Yard Gate,L-201,Exchange Av (4150S) at Peoria St (900W),1875,Burnham and Root,02/24/1972,41.8186287649,-87.6486807529,"(41.8186287649, -87.6486807529)"
Kenna Apartments,L-127,2214 E 69th St,1916,Barry Byrne,09/12/1990,41.7701003115,-87.5707982433,"(41.7701003115, -87.5707982433)"
Gauler Twin House,L-100,5917 N Magnolia Av,1908,Walter Burley Griffin,06/28/2000,41.989611701,-87.6611900539,"(41.989611701, -87.6611900539)"
Henry V. Peters House,L- 09,4731 N Knox Ave,1906,Walter Burley Griffin,05/05/2004,41.9672199264,-87.743669935,"(41.9672199264, -87.743669935)"
Daley Center,L- 78,50 West Washington St,1965,"C.F. Murphy Associates, Sculptor:Pablo Picasso",11/06/2002,41.8838471156,-87.6301830697,"(41.8838471156, -87.6301830697)"
Abraham Groesbeck House,L-106,1304 W  Washington Blvd,1869,Otis L. Wheelock,01/12/1993,41.8832908247,-87.6600476639,"(41.8832908247, -87.6600476639)"
George Cleveland Hall Branch Library,L-288,4801 S. Michigan Avenue,1931,Charles Hodgdon,02/10/2010,41.80711009,-87.6223010197,"(41.80711009, -87.6223010197)"
Hazelton-Mikota House,L-110,5453 N Forest Glen Av,1881,Architect Unknown,07/27/2005,41.9810393623,-87.7538785635,"(41.9810393623, -87.7538785635)"
Holden Block,L-301,1027 W. Madison St.,1872,Stephen Vaughn Shipman,05/04/2011,41.8814027295,-87.6532522723,"(41.8814027295, -87.6532522723)"
Harriet F. Rees House,L-316,2110 S. Prairie Ave.,1888,Cobb & Frost,03/14/2012,41.853922125,-87.6211348779,"(41.853922125, -87.6211348779)"
Ransom R Cable House,L- 38,25 E Erie St,1886,Cobb & Frost,04/11/2007,41.8938801598,-87.627165987,"(41.8938801598, -87.627165987)"
Mather Tower,L-142,75 E Wacker Dr,1928,Herbert Hugh Riddle,03/07/2001,41.8876059776,-87.6254272014,"(41.8876059776, -87.6254272014)"
Site of Fort Dearborn,L-185,at the intersection of Miochigan av & Wacker Dr,1803-37,,09/15/1971,41.8883516485,-87.6245097699,"(41.8883516485, -87.6245097699)"
One North LaSalle Building,L-160,1 N LaSalle St,1929-30,K.M. Vizthum & Co with John Burns,04/16/1996,41.8823136051,-87.6320059355,"(41.8823136051, -87.6320059355)"
Allan Miller House,L-147,7121 S Paxton Av,1915,John S Van Bergan,12/01/1993,41.7654723018,-87.5710108202,"(41.7654723018, -87.5710108202)"
Canaan Baptist Church of Christ Building,L- 61,6657-59 S Harvard Av,1904-05,Solon S. Beman,07/26/2006,41.7729625919,-87.6327811067,"(41.7729625919, -87.6327811067)"
Oliver Building,L-158,159 N Dearborn St,1907,Top Addit 1920;Holabird & Roche,05/09/1984,41.8849392948,-87.6292537203,"(41.8849392948, -87.6292537203)"
Jessie and William Adams House,L- 42,9326 S Pleasant Av,1901,Frank Lloyd Wright,06/16/1994,41.7239969488,-87.6701901472,"(41.7239969488, -87.6701901472)"
Waller Apartments,L-203,2840-58 W Walnut St,1895,Frank Llyod Wright,03/02/1994,41.8856316688,-87.6983623347,"(41.8856316688, -87.6983623347)"
Fine Arts Building,L- 92,410 S Michigan Av,1885,add & remod. 1898 Solon S. Beman,06/07/1978,41.8764684299,-87.624846173,"(41.8764684299, -87.624846173)"
(Former) Schlitz BreweryTied-House@3159NSouthport,L-306,3159 N. Southport Ave.,1903,Frommann and Jebsen,07/06/2011,41.9396477129,-87.663450898,"(41.9396477129, -87.663450898)"
Yondorf Block and Hall,L-216,758 W North Av,1887,Frederick Ahlschlager,07/25/2001,41.9111934157,-87.6478690779,"(41.9111934157, -87.6478690779)"
Indian Boundary Park Fieldhouse,L-120,2500 W Lunt Av,1929,Clarence Hatzfeld,05/11/2005,42.0088761044,-87.6925993315,"(42.0088761044, -87.6925993315)"
R.R. Donnelley & Sons Co. Calumet Plant,L- 08,350 E Cermak Rd,1912-25,Howard Van Doren Shaw,03/31/2004,41.853680375,-87.6182878093,"(41.853680375, -87.6182878093)"
Wendell Phillips High School,L- 22,244 E Pershing Rd,1904,William Bryce Mundie,05/07/2003,41.8247514543,-87.6198065344,"(41.8247514543, -87.6198065344)"
Chicago & North Western Railway Powerhouse,L- 16,211 N Clinton St,1909-11,Frost & Granger,01/11/2006,41.8861888154,-87.6409095654,"(41.8861888154, -87.6409095654)"
Shoreland Hotel,L-295,5454 South Shore Drive,1925-1926,Meyer Fridstein,09/08/2010,41.7961879206,-87.5814614219,"(41.7961879206, -87.5814614219)"
John and Clara Merchant House,L-273,3854 N Kostner Av,,,,41.9514812467,-87.7384906171,"(41.9514812467, -87.7384906171)"
Page Brothers Building,L- 40,177-191 N State St,1872,"John M. Van Osdel,1902 State St facade:Hill",01/28/1983,41.8854887622,-87.6275898319,"(41.8854887622, -87.6275898319)"
Henry B Clarke House,L- 74,1855 S Indiana Av,1836,Unknown,10/14/1970,41.8570668546,-87.6218715857,"(41.8570668546, -87.6218715857)"
Chicago and Alton Bridge,L-244,"S Fork of S Branch, N of Archer & E of Ashland",,,12/12/2007,41.8398735943,-87.6646413674,"(41.8398735943, -87.6646413674)"
Blackstone Hotel,L- 18,636 S Michigan Ave,1910,Marshall & Fox,04/29/1998,41.8733514222,-87.6247754392,"(41.8733514222, -87.6247754392)"
Carbide and Carbon Building,L- 62,230 N Michigan Av,1929,"Burnham Brothers, Inc.",05/09/1996,41.8865236143,-87.6249948236,"(41.8865236143, -87.6249948236)"
American Book Company,L-284,320 E. Cermak Rd & 2132 S. Calumet Ave,1909,,,41.8532245491,-87.6195175238,"(41.8532245491, -87.6195175238)"
All Saints Church and Rectory,L- 44,4550 N Hermitage Av,1883,John C. Cochrane,12/27/1982,41.9649452289,-87.672948616,"(41.9649452289, -87.672948616)"
Old Dearborn Bank Building,L-157,203 N Wabash Av,1928,C.W. & George L. Rapp,06/04/2003,41.8860572654,-87.6260196521,"(41.8860572654, -87.6260196521)"
On Leong Merchants Association,L-159,2216 S Wentworth Av,1926-27,Michealsen & Rognstad,12/01/1993,41.852373501,-87.6323150739,"(41.852373501, -87.6323150739)"
Jewelers  Building,L-123,15-17 S Wabash Av,1881-82,Dankmar Adler with Louis H. Sullivan,12/08/1981,41.8816174691,-87.6256671687,"(41.8816174691, -87.6256671687)"
Former Chicago Historical Society Building,L- 96,632 N Dearborn St,1892,Henry Ives Cobb,02/26/1997,41.8934950442,-87.630063442,"(41.8934950442, -87.630063442)"
Dr. Wallace C. Abbott House,L- 17,4605 N Hermitage Ave,1891,Dahlgren & Lievendahl - rear addit 1906 - unknown,03/01/2006,41.9654298692,-87.6720606011,"(41.9654298692, -87.6720606011)"
Lake-Franklin Group,L-131,227-35 W Lake St & 173-91 N Franklin St,1872-75,"Burling & Adler, George Edbrooke. Addit 1896:Adler",02/26/1977,41.8853688868,-87.6351025338,"(41.8853688868, -87.6351025338)"
Heyworth Building,L-112,29 E Madison st,1904,D.H. Burnham & Co.,09/27/2000,41.8818595588,-87.6266873845,"(41.8818595588, -87.6266873845)"
Thalia Hall,L-193,1215-25 W 18th St,1892,Faber & Pagels,10/25/1989,41.8577101822,-87.6572938552,"(41.8577101822, -87.6572938552)"
Palmolive Building,L-161,919 N Michigan Av,1927-29,Holabird & Root,02/16/2000,41.899779462,-87.623501521,"(41.899779462, -87.623501521)"
St Charles Air Line Bridge,L-241,"S B Chgo River, N of 16th St & E of Lumber St",,,12/12/2007,41.8609239906,-87.6345304179,"(41.8609239906, -87.6345304179)"
LaSalle Street Cable Car Powerhouse,L-133,500 N LaSalle St,1887,North Chicago Street Railroad Co.,06/27/2001,41.8910391333,-87.6329622566,"(41.8910391333, -87.6329622566)"
Quinn Chapel,L-169,2401 S Wabash Av,1892,Henry F. Starbuck,08/31/1977,41.8490730441,-87.6250764052,"(41.8490730441, -87.6250764052)"
North Chicago Hospital Building,L-277,2551 N Clark Street,,,,41.9294713553,-87.6420118526,"(41.9294713553, -87.6420118526)"
Peoples Gas-South Chicago Neighborhood Store,L-164,8935 S Commercial Av,1925,George Grant Elmslie & Herman V. von Holst,04/16/1996,41.7326484509,-87.5509205468,"(41.7326484509, -87.5509205468)"
(Former) Schlitz BreweryTied-House@1944 N.Oakley,L-310,1944 N. Oakley Ave.,1898,Kley  & Lang,10/05/2011,41.917484239,-87.6852556957,"(41.917484239, -87.6852556957)"
Getty Tomb,L-103,"Graceland Cemetery, 4011 N Clark St",1890,Louis H. Sullivan,03/10/1971,41.9612300749,-87.6611886208,"(41.9612300749, -87.6611886208)"
"Engine Company 129, Truck 50",L-236,8120 S Ashland Av,1928-29,Argyle E. Robinson,10/01/2003,41.746005133,-87.6637057717,"(41.746005133, -87.6637057717)"
James Charnley House,L- 65,1365 N Astor st,1891,"Adler and Sullivan, Frank Lloyd Wright",08/20/1972,41.9076480171,-87.627477823,"(41.9076480171, -87.627477823)"
Beeson House and Coach House,L-224,5810 W Midway Park,1892,Frederick Schock,01/20/1999,41.8893178892,-87.7706081072,"(41.8893178892, -87.7706081072)"
