LANDMARK NAME,ID,ADDRESS,DATE BUILT,ARCHITECT,LANDMARK DESIGNATION DATE,LATITUDE,LONGITUDE,LOCATION,ZIP CODE,Type
Vassar Swiss Underwear Company Building,L-265,2543 - 2545 W Diversey Av,,,7/30/2008,41.93162661,-87.6921001,"(41.9316266084, -87.6921000957)",60647,Landmark
Mathilde Eliel House,L- 89,4122 S Ellis Av,1886,Adler & Sullivan,10/2/1991,41.81925575,-87.602788,"(41.819255751, -87.6027879992)",60653,Landmark
Manhattan Building,L-139,431 S Dearborn St,1891,William LeBaron Jenney,7/7/1978,41.87606572,-87.62896445,"(41.8760657234, -87.6289644505)",60605,Landmark
Machinery Hall at Illinois Institute of Technology,L- 12,"100 W 33rd St, Chicago, IL",1901,"Patton, Fisher & Miller",5/26/2004,41.83516141,-87.62922122,"(41.8351614122, -87.6292212235)",60616,Landmark
Melissa Ann Elam House,L- 88,4726 S Dr Martin Luther King Jr Dr,1903,Henry L. Newhouse,3/21/1979,41.80852977,-87.61720439,"(41.808529769, -87.6172043949)",60615,Landmark
(Former) Pioneer Trust and Savings Bank Building,L-318,4000 W. North Ave.,1924,Karl M. Vitzthum,6/6/2012,41.91019211,-87.72661734,"(41.9101921054, -87.7266173415)",60639,Landmark
DuPont-Whitehouse House,L- 85,3558 S Artesian Av,1876,Oscar Cobb & Co.,4/16/1996,41.82858165,-87.68659368,"(41.8285816489, -87.6865936818)",60632,Landmark
Montgomery Ward & Co. Catalog House,L-149,618 W Chicago Av,1907-08,"Richard E. Schmidt, Garden and Martin",5/17/2000,41.89743687,-87.64369542,"(41.8974368676, -87.6436954155)",60654,Landmark
Vorwaerts Turner Hall,L-286,2431 W. Roosevelt Rd,,,9/3/2009,41.86615181,-87.68724694,"(41.8661518103, -87.6872469444)",60608,Landmark
City Hall-County Building,L- 71,121 N LaSalle St / 118 N Clark St,1905-08,Holabird and Roche,1/21/1982,41.88384254,-87.63165528,"(41.8838425425, -87.6316552814)",60602,Landmark
Illinois and Michigan Canal,L-119,S Fork of Chicago River at W Levee & W Fuller Sts,1845-48,,5/9/1996,41.84265823,-87.66461646,"(41.8426582338, -87.6646164616)",60601,Landmark
Lake Shore & Michigan Southern Bridges (pair),L-242,"Calumet River, N of 98th St & E of Chicago Skyway",,,12/12/2007,41.71968671,-87.54296094,"(41.7196867122, -87.5429609441)",60617,Landmark
(Former) Schlitz Brewery Tied-House@11400S.Front,L-309,11400 S. Front Ave.,1906,Frommann and Jebsen,7/6/2011,41.68712465,-87.61238874,"(41.6871246524, -87.6123887351)",60628,Landmark
Haskell-Barker-Atwater Buildings,L-109,18-28 S Wabash Av,1875-77,Wheelock & Thomas and John M. Van Osdel,11/13/1996,41.88136175,-87.62665808,"(41.8813617549, -87.6266580795)",60616,Landmark
300 West Adams Street Office Building,L-279,300 W Adams St,,,,41.87972743,-87.63568107,"(41.8797274269, -87.6356810697)",60606,Landmark
Three Arts Club,L-239,1300 N Dearborn St,1914,Holabird and Roche,6/10/1981,41.90600702,-87.6304679,"(41.9060070155, -87.6304679039)",60610,Landmark
First Baptist Congregational Church,L- 93,60 N Ashland Av,1869-71,Gurdon P. Randall,1/21/1982,41.8829904,-87.66728153,"(41.8829904011, -87.6672815294)",60612,Landmark
Congress Theater,L- 75,2117-39 N Milwaukee Av / 2117-39 N Rockwell St,1925-26,Fridstein & Co.,7/10/2002,41.92031653,-87.69221314,"(41.9203165293, -87.692213144)",60647,Landmark
Jane Addams' Hull House and Dining Hall,L- 43,800 S Halsted St,1856,"Unknown, Dining Hall 1905: Pond & Pond",6/12/1974,41.87150889,-87.64835752,"(41.871508892, -87.6483575157)",60607,Landmark
Palliser's Cottage Home No. 35,L- 41,2314 W 111th Pl,1882,"Palliser, Palliser & Co.",2/16/2000,41.69109192,-87.67939883,"(41.6910919166, -87.6793988346)",60643,Landmark
Steuben Club Building,L-218,188 W Randolph St,1929,Karl M. Vitzhum & Co.,7/26/2006,41.88482916,-87.63360295,"(41.884829161, -87.6336029549)",60601,Landmark
Hotel St. Benedict Flats,L-115,40-52 E Chicago Av,1882-83,James J. Egan,3/26/1996,41.89698041,-87.62644177,"(41.8969804073, -87.6264417713)",60611,Landmark
Cortland Street Drawbridge,L- 76,1440 W Cortland St,1902,John Ernst Ericson. Bridgehse reconst. 1982,7/24/1991,41.91691727,-87.66431155,"(41.916917265, -87.6643115534)",60642,Landmark
August Dewes House,L- 81,509 W Wrightwood Av,1894-96,Adolph Cudell & Arthur Hercz,3/9/2005,41.93027815,-87.64176889,"(41.9302781538, -87.6417688895)",60614,Landmark
New York Life Building,L-217,37-43 S LaSalle St,1893-94,1898 add:Jenney & Mundie 1903 add:Arch Unknown,7/26/2006,41.88088658,-87.63174751,"(41.8808865829, -87.6317475108)",60603,Landmark
"Tree Studios, Annexes and Courtyard",L-196,601-23 N State St/4-10 E Ohio St/3-7 E Ontario St,1894,"Parfitt Brothers, with Bauer & Hill",2/26/1997,41.89287853,-87.62773715,"(41.8928785261, -87.6277371467)",60611,Landmark
Gwendolyn Brooks House,L-289,7428 S. Evans Ave,1890,Unknown,2/10/2010,41.75950344,-87.6070012,"(41.7595034373, -87.6070011998)",60619,Landmark
Spiegel Administration Building,L-302,1038 W. 35th Street,"1936, 1941","Battey & Kipp (1936), A. Epstein (1941-1942)",5/4/2011,41.83093188,-87.65200154,"(41.830931883, -87.6520015393)",60609,Landmark
Union Park Hotel,L-293,1519 West Warren Blvd,1930,Banjamin Albert Comm,6/9/2010,41.88212992,-87.66615384,"(41.8821299211, -87.6661538374)",60607,Landmark
Reebie Storage Warehouse,L-173,2325-33 N Clark St,1921-22,George Kingsley,9/1/1999,41.92471948,-87.63944577,"(41.9247194757, -87.6394457702)",60614,Landmark
Essanay Studios,L- 90,1333-35 W Argle St,1908-15,Various Architects,3/26/1996,41.97214865,-87.66333535,"(41.9721486481, -87.6633353503)",60640,Landmark
Calumet Park Fieldhouse,L- 33,9801 S Avenue G,1922-24,South Park Commission Architects,10/4/2006,41.71773729,-87.53057838,"(41.7177372896, -87.5305783823)",60617,Landmark
Frederick C. Robie House,L-176,5757 S Woodlawn Av,1909,Frank Lloyd Wright,9/15/1971,41.78992032,-87.59597028,"(41.7899203248, -87.5959702794)",60637,Landmark
333 North Michigan Building,L-197,333 N Michigan Av,1928,Holabird & Roche/Holabird & Root,2/7/1997,41.88780778,-87.62420054,"(41.8878077823, -87.6242005382)",60601,Landmark
"Sears, Roebuck and Company Administration Building",L-181,3333 W Arthington St,1905-14,Nimmons & Fellows and George C. Nimmons & Co.,9/4/2002,41.86968209,-87.70963237,"(41.8696820866, -87.709632374)",60624,Landmark
(Former) Marquette Park State Bank Building,L-274,6314 S Western Av,,,,41.7786654,-87.68401948,"(41.7786654038, -87.6840194809)",60629,Landmark
Myron Bachman House,L- 52,1244 W Carmen av,1948,Bruce Goff,12/9/1992,41.9748882,-87.66168184,"(41.9748882046, -87.6616818446)",60640,Landmark
Pennsylania Bridge,L-249,"S Branch Chgo River, 19th St, SE of Lumber St",,,12/12/2007,41.85565852,-87.63700354,"(41.8556585241, -87.6370035357)",60616,Landmark
Chicago Varnish Company Building,L- 70,33 W Kinzie St,1895,Henry Ives Cobb,7/25/2001,41.88899569,-87.62934802,"(41.8889956949, -87.6293480212)",60654,Landmark
"(Former) Engine Company 104, Truck 3",L-230,1401 S Michigan Av,1905,Charles F. Hermann,10/1/2003,41.86395764,-87.62361007,"(41.8639576406, -87.6236100747)",60605,Landmark
James A. Sexton School,L-183,160 W Wendell St,1882,Architect Unknown,5/7/1978,41.90156831,-87.63384357,"(41.9015683128, -87.6338435666)",60610,Landmark
Tribune Tower,L-198,435 N Michigan Av,1922-25,Raymond M. Hood and John Mead Howells,2/1/1989,41.89046022,-87.62326507,"(41.8904602181, -87.6232650679)",60611,Landmark
Garfield Park Fieldhouse,L-285,100 N. Central park Ave,1928,,9/3/2009,41.882684,-87.7160686,"(41.8826839988, -87.7160686)",60624,Landmark
John J. Glessner House,L-104,1800 S Prairie Av,1886,Henry Hobson Richardson,10/14/1970,41.85772464,-87.62121066,"(41.8577246412, -87.6212106559)",60616,Landmark
McCormick Double House,L-143,660 N Rush St,1875,Frederick & Edward Baumann,10/6/2005,41.89427876,-87.62572114,"(41.8942787556, -87.6257211435)",60611,Landmark
Richard Wright House,L-290,4831 S Vincennes Avenue,1893,Unknown,2/10/2010,41.80666963,-87.61349706,"(41.8066696254, -87.6134970595)",60615,Landmark
Rosehill Cemetery Entrance,L- 21,5800 N Ravenswood Av,1864,William W. Boyington,10/16/1980,41.98659406,-87.67524668,"(41.9865940626, -87.6752466759)",60660,Landmark
(Former) Mid-City Trust and Savings Bank Buildings,L-317,2 S. Halsted Street,1911-12,Horatio R. Wilson(Original Building),4/24/2012,41.88148442,-87.64769505,"(41.8814844224, -87.6476950505)",60661,Landmark
Union Station,L-200,210 S Canal St,1913-25,"Graham, Anderson, Probst & White",5/1/2002,41.8786699,-87.64035673,"(41.8786699026, -87.6403567335)",60606,Landmark
Alfred Caldwell Lily Pool,L- 60,North end of Lincoln Park Zoo at Fullerton Parkway,1936-38,Landscape Architect: Alfred Caldwell,11/6/2002,41.92499923,-87.63396225,"(41.9249992261, -87.6339622471)",60614,Landmark
35 East Wacker Building,L-195,35 E Wacker Dr,1925-27,Joachim G. Giaver & Frederick P. Dinkelberg,2/9/1994,41.88651836,-87.62678477,"(41.8865183645, -87.6267847658)",60601,Landmark
Chicago Public Library/Cultural Center,L- 68,78 E Washington St,1897,"Shepley, Rutan and Coolidge",11/5/1976,41.88386466,-87.62499587,"(41.8838646621, -87.6249958656)",60602,Landmark
(Former) Engine Company 86,L-229,2414 W Cuyler Av,1899,Board of Public Works,10/1/2003,41.95519144,-87.68922824,"(41.9551914391, -87.6892282373)",60618,Landmark
Elks National Memorial Headquarters Building,L- 01,2750 N Lakeview Ave,1924-26,Egerton Swartwout,10/1/2003,41.93228562,-87.63989765,"(41.9322856215, -87.6398976486)",60614,Landmark
Florsheim Shoe Company Building,L- 32,3963 W Belmont Av,1924-26,Alfred S. Alschuler,3/29/2006,41.93861001,-87.7265989,"(41.9386100074, -87.7265988984)",60618,Landmark
S. Pond Refectory/Men's & Ladies Comfort Station,L-189,"2019 N Stockton Dr, Chicago, IL",1908&1888,S Pond:Perkins&Hamilton Comfort:Joseph L Silsbee,2/5/2003,41.9191052,-87.6340101,"(41.9191051952, -87.6340101049)",60614,Landmark
"Reid, Murdoch and Company Building",L-174,"320 N Clark St, Chicago, IL",1914,George C. Nimmons,11/15/1976,41.88812724,-87.63183147,"(41.8881272387, -87.6318314721)",60654,Landmark
Washington Block,L-207,40 N Wells St,1873-74,Frederick & Edward Baumann,1/14/1997,41.88295583,-87.63407766,"(41.8829558343, -87.6340776568)",60606,Landmark
Chicago Orphan Asylum Building,L-278,"5120 S Dr Martin Luther King, Jr. Dr",,,,41.80134196,-87.6165078,"(41.8013419579, -87.6165077965)",60615,Landmark
Marshall Field and Company Building,L-141,111 N State St,1892,Daniel H. Burham & Charles Atwood,11/1/2005,41.8838568,-87.62703774,"(41.8838568019, -87.6270377395)",60602,Landmark
Monadnock Block,L-148,53 W Jackson Blvd,1889-93,N1/2: Burham & Root; S1/2: Holabird & Roche,11/14/1973,41.87753145,-87.62954581,"(41.8775314473, -87.6295458084)",60604,Landmark
Sydney A. Kent House,L-128,2944 S Michigan Av,1883,Burnham and Root,3/18/1987,41.84067686,-87.62400071,"(41.8406768551, -87.6240007056)",60616,Landmark
(Former) Engine Company 27,L-227,1244 N Wells St,1874,1907 (add.) Board of Public Works,10/1/2003,41.90516102,-87.63484794,"(41.9051610151, -87.634847935)",60610,Landmark
Medinah Temple,L-145,"600 N Wabash Av, Chicago, IL",1912,Huehl & Schmid,6/27/2001,41.89288778,-87.62714151,"(41.8928877822, -87.6271415142)",60611,Landmark
South Shore Cultural Center,L- 11,7059 South Shore Dr,"1906,09,16",Marshall & Fox,5/26/2004,41.76760866,-87.56441514,"(41.7676086628, -87.5644151423)",60649,Landmark
Old Colony Building,L-155,407 S Dearborn St,1894,Holabird & Roche,7/7/1978,41.87660759,-87.62897733,"(41.876607594, -87.6289773341)",60605,Landmark
Lion House - Lincoln Park Zoo,L- 15,2132 N Stockton Dr,1912,"Perkins, Fellows & Hamilton",11/30/2005,41.92133817,-87.63333598,"(41.92133817, -87.6333359813)",60614,Landmark
Statue of the Republic,L-191,Jackson Park at Hayes & Richards Drs,1918,"Daniel Chester French,sculptor&Henry Bacon,arch",6/4/2003,41.77959613,-87.57988165,"(41.779596126, -87.5798816509)",60649,Landmark
Crown Hall,L- 29,3360 S State St,1950-56,Ludwig Mies van der Rohe,10/1/1997,41.83324517,-87.6272852,"(41.8332451677, -87.6272852013)",60616,Landmark
Inland Steel Building,L-121,30 W Monore St,1957,"Skidmore, Owings & Merrill",10/7/1998,41.88107332,-87.62900319,"(41.8810733166, -87.6290031914)",60603,Landmark
Riviera Motor Sales Company Building,L-319,5948-60 N. Braodway,1925-26,R. Bernard Kurzon,6/6/2012,41.99064509,-87.66070278,"(41.9906450869, -87.6607027795)",60660,Landmark
Schlecht House,L-226,5804 W Race Av,1887,Frederick Schock,1/20/1999,41.89038609,-87.7703988,"(41.8903860875, -87.7703987961)",60644,Landmark
Ebenezer Missionary Baptist Church Building,L-313,4501 S. Vincennes Ave,1898-1899,Dankmar Adler,7/28/2011,41.81283645,-87.61357454,"(41.8128364492, -87.6135745354)",60653,Landmark
Keck-Gottschalk-Keck Apartments,L-126,5551 S University Av,1937,George and William Keck,8/3/1994,41.79355086,-87.59770366,"(41.793550861, -87.5977036617)",60637,Landmark
6901 Oglesby Cooperative Apartment Building,L-266,6901 S Oglesby Av,1928-29,Paul Frederick Olsen,9/10/2008,41.76959911,-87.56778516,"(41.7695991074, -87.5677851557)",60649,Landmark
(Former) Schlitz Brewery Stable Building,L-308,11314 S. Front Ave.,1906,Frommann and Jebsen,7/6/2011,41.68855888,-87.61215287,"(41.6885588813, -87.6121528668)",60628,Landmark
860-880 Lake Shore Drive,L- 86,860-880 N Lake Shore Dr,1949-51,Ludwig Mies van der Rohe,6/10/1996,41.89884251,-87.61885733,"(41.8988425122, -87.6188573323)",60611,Landmark
(Former) Hyde Park Bank,L-267,1515-1535 E 53rd St,,,,41.79932571,-87.58818688,"(41.7993257107, -87.5881868815)",60615,Landmark
F. R. Schock House,L-223,5804 W Midway Park,1886,Frederick Schock,1/20/1999,41.88932169,-87.77022252,"(41.8893216935, -87.7702225226)",60644,Landmark
John Raber House,L-170,5760 S LaFayette Av,1870,"Major Alterations, 1894;Thomas Wing",4/16/1996,41.78921937,-87.62695294,"(41.7892193733, -87.6269529364)",60621,Landmark
Bryn Mawr Apartment Hotel,L- 57,5550 N Kenmore Av,1927-28,Alexander L. Levy & William J. Klein,11/6/2002,41.98331134,-87.65700296,"(41.9833113433, -87.6570029558)",60640,Landmark
Charles N. Loucks House,L-269,3926 N Keeler,,,10/8/2008,41.95260359,-87.73287873,"(41.9526035933, -87.7328787313)",60641,Landmark
Edwin Colvin House,L- 73,5940 N Sheridan Rd,1909,George W. Maher,10/5/1994,41.9903361,-87.65581666,"(41.9903360972, -87.6558166627)",60660,Landmark
Northwestern University Settlement House,L-154,1400 W Augusta Blvd,1901,Pond & Pond,12/1/1993,41.90004273,-87.6628741,"(41.9000427266, -87.6628740978)",60642,Landmark
Civic Opera Building,L- 72,20 N Wacker Dr,1927-29,"Graham, Anderson, Probst & White",2/5/1998,41.88253375,-87.637513,"(41.8825337488, -87.6375130036)",60606,Landmark
"Engine Company 84, Truck 51",L-238,6204 S Green St,1929,"Paul Gerhardt, Jr.",10/1/2003,41.78126631,-87.646397,"(41.7812663113, -87.6463969977)",60621,Landmark
Majestic Building and Theater,L-138,22 W Monore St,1906,Edmund R. Krause,5/11/2005,41.88107856,-87.62857776,"(41.8810785557, -87.6285777569)",60603,Landmark
(Former) Schlitz Brewery-Tied House@1801W.Division,L-303,1801 W. Division St.,1900-01,Fritz Lang,5/4/2011,41.90301324,-87.67254145,"(41.9030132443, -87.6725414477)",60622,Landmark
"Engine Company 5, Truck 2",L-234,324 S DesPlaines Av,1928,Alfred S. Alschulter,10/1/2003,41.87718066,-87.64430864,"(41.87718066, -87.6443086397)",60436,Landmark
John Wingert House,L-212,6231 N Canfield Av,1854,Add. c. 1868-75 Architect Unknown,7/31/1990,41.99430885,-87.82160659,"(41.9943088493, -87.8216065907)",60068,Landmark
Richard Nickel Studio,L-294,"1810 West Cortland St,",1889`,Unknown,6/9/2010,41.91627982,-87.67324118,"(41.916279821, -87.673241177)",60622,Landmark
Old Chicago Coast Guard Station,L-240,250 North Breakwater Access,,,12/12/2007,41.88764075,-87.61019755,"(41.8876407491, -87.6101975521)",60601,Landmark
Germania Club Building,L-298,108 W. Germania Place / 1538-1542 N. Clark St.,1889,Addison  and Fiedler,1/13/2011,41.91061324,-87.63207758,"(41.9106132428, -87.6320775815)",60610,Landmark
Laramie State Bank Building,L-132,5200 W Chicago Av,1927-29,Meyer & Cook with Northwestern Terra Cotta Co.,6/14/1995,41.89520776,-87.75583758,"(41.8952077596, -87.7558375828)",60651,Landmark
Ida B. Wells-Barnett House,L-208,3624 S Dr Martin Luther King Jr Dr,1889,Joseph A. Thain,10/2/1995,41.82859199,-87.61773209,"(41.8285919899, -87.6177320886)",60616,Landmark
Clarence Buckingham Memorial Fountain and Garden,L- 58,Grant Park at Congress Drive,1927,"Bennett, Parsons & Frost with Jacques Lambert",8/30/2000,41.87579719,-87.61898793,"(41.8757971904, -87.6189879276)",60605,Landmark
Farwell Building,L- 07,664 N Michigan Ave,1927,Philip B. Maher,3/10/2004,41.89431494,-87.62462078,"(41.8943149417, -87.6246207821)",60611,Landmark
Krause Music Store,L-130,4611 N Lincoln Av,1922,William Presto ans Louis H. Sullivan,9/28/1977,41.96533613,-87.68601082,"(41.965336129, -87.6860108177)",60625,Landmark
Biograph Theater,L- 53,2433-43 N Lincoln Av,1914,Samuel N. Corwen,3/28/2001,41.92652071,-87.64975918,"(41.9265207104, -87.64975918)",60614,Landmark
Roanoke Building and Tower,L-254,11 S LaSalle St,,,12/12/2007,41.88170712,-87.63195358,"(41.8817071178, -87.6319535815)",60603,Landmark
Illinois-Indiana State Line Boundary Marker,L-118,"Avenue G, near 103rd St",1838,Office of the United States Surveyor-General,9/4/2002,41.70886467,-87.52622269,"(41.7088646706, -87.5262226891)",60617,Landmark
Veseman Building,L-255,444 N LaSalle St,,,12/12/2007,41.89047915,-87.63288949,"(41.890479153, -87.6328894866)",60654,Landmark
Charles Hitchcock House,L-113,5704 W Ohio St,1871,Architect Unknown,7/7/1992,41.8913214,-87.7680838,"(41.8913213962, -87.7680837965)",W,Landmark
K.A.M. Isaiah Israel Temple,L-124,1100 E Hyde Park Blvd,1924,Alfred S. Alschuler,6/9/1977,41.80282583,-87.59861639,"(41.8028258295, -87.5986163947)",60615,Landmark
Site of the John & Mary Jones House,L- 10,SW Corner of W 9th St & Plymouth Ct,,,5/26/2004,41.86979498,-87.62956097,"(41.8697949779, -87.6295609692)",60605,Landmark
IBM Building,L-258,330 North Wabash Av,,,2/6/2008,41.88861449,-87.62750766,"(41.8886144897, -87.627507656)",60611,Landmark
John Rath House,L-172,2703 W Logan Blvd,1907,George W. Maher,12/1/1993,41.92789833,-87.69530973,"(41.9278983322, -87.6953097347)",60647,Landmark
Bush Temple of Music,L- 59,"100 W Chicago Av, Chicago, IL",1901,J.E.O. Pridmore,6/27/2001,41.89690293,-87.63166847,"(41.8969029318, -87.6316684701)",60654,Landmark
Humboldt Park Boathouse Pavilion,L-116,"1301 N Humboldt Blvd, Chicago, IL",1907,"Richard E. Schmidt,Garden & Martin w/ Jens Jenson",11/13/1996,41.90562148,-87.70080444,"(41.9056214802, -87.7008044418)",60622,Landmark
Milwaukee & St Paul Bridge,L-250,"N Branch Chgo River, Cherry Av, S of North Ave",,,12/12/2007,41.91036873,-87.65552219,"(41.9103687297, -87.655522189)",60604,Landmark
Illinois Central Swing Bridge,L-245,"San & Ship Canal, N of Stevenson Exp & E of Kedzie",,,12/12/2007,41.83242443,-87.70241367,"(41.8324244328, -87.7024136703)",60629,Landmark
Brewster Apartments,L- 54,2800 N Pine Grove Av,1893,Enoch Hill Turnock,10/6/1982,41.93316396,-87.64158298,"(41.9331639618, -87.6415829766)",60657,Landmark
(Former) Belmont-Sheffield Trust & Savings Bldg,L-260,3150 N Sheffield Av,,,7/9/2008,41.93967875,-87.65444854,"(41.9396787526, -87.6544485367)",60657,Landmark
Illinois Central Swing Bridge,L-248,"San & Ship Canal, S of 35th St & E of Pulaski Rd",,,12/12/2007,41.82864937,-87.7144107,"(41.8286493748, -87.7144107037)",#ERROR!,Landmark
James Ward Public School,L-205,2703 S Shields Av,1874-75,Johnson & Edelmann Add:1897;N. S. Patton,9/14/2005,41.84319609,-87.63509231,"(41.8431960865, -87.6350923115)",60616,Landmark
Kimbell Trust and Savings Bank Building,L-282,,,,,41.92490852,-87.71726933,"(41.9249085241, -87.7172693271)",#ERROR!,Landmark
American System-Built Houses,L- 47,10410 S Hoyne Av,1917,Frank Lloyd Wright,7/13/1994,41.70419675,-87.67464799,"(41.7041967461, -87.6746479892)",60643,Landmark
Goldblatt Bros. Department Store,L-105,1613-1635 W Chicago av,1921-22,Alfred S. Alshuler,4/1/1998,41.89577179,-87.66827312,"(41.8957717929, -87.6682731246)",60622,Landmark
Stephen Foster House and Stable,L- 97,"12147 S Harvard Av, Chicago, IL",1900,Frank Lloyd Wright,5/9/1996,41.67280322,-87.63057375,"(41.6728032228, -87.6305737503)",60628,Landmark
Woman's Athletic Club,L-213,626 N Michigan av,1928,Philip B. Maher,10/2/1991,41.89358116,-87.62460102,"(41.8935811629, -87.6246010223)",60611,Landmark
Chicago Board of Trade Building,L- 14,141 W Jackson Blvd,1930,Holabird & Root,5/4/1977,41.87773513,-87.63227115,"(41.8777351318, -87.6322711493)",60604,Landmark
Pittsfield Building,L-167,55 E Washington st,1927,"Graham, Anderson, Probst & White",11/6/2002,41.88294695,-87.62571629,"(41.8829469518, -87.625716287)",60602,Landmark
Mundelein College Skyscraper Building,L- 36,1020 W Sheridan Rd,1930-31,Joseph W McCarthy,12/13/2006,41.99867594,-87.65655162,"(41.998675941, -87.6565516229)",60660,Landmark
Marie Schock House,L-225,5749 W Race Av,1888,Frederick Schock,1/20/1999,41.88975861,-87.76971676,"(41.889758609, -87.7697167565)",60644,Landmark
(Former) Engine Company 42 Firehouse,L-253,228 W Illinois St,,,12/12/2007,41.8910068,-87.63528245,"(41.891006795, -87.6352824539)",60654,Landmark
Wood-Maxey-Boyd House,L-214,2801 S Prarie Av,1885,John C. Cochrane,10/1/2003,41.8432903,-87.61997676,"(41.8432902979, -87.619976759)",60616,Landmark
Chicago & Northwestern Bridge,L-251,"N Branch Chgo River, S of Kinzie & E of Canal St",,,12/12/2007,41.88851006,-87.63909924,"(41.8885100645, -87.6390992381)",60654,Landmark
(Former) Stock Yards National Bank Building,L-281,4150 S Halsted St,,,,41.81880899,-87.64629601,"(41.8188089866, -87.6462960058)",60609,Landmark
Peoples Gas-Irving Park Neighborhood Store,L-163,4829 W Irving Park Rd,1926,George Grant Elmslie & Herman V. von Holst,3/18/1987,41.95309429,-87.74890384,"(41.9530942943, -87.7489038399)",60641,Landmark
Francis J. Dewes House,L- 82,503 W Wrightwood Av,1896,Adolph Cudell & Arthur Hercz,6/12/1974,41.93034077,-87.64157423,"(41.9303407661, -87.6415742279)",60614,Landmark
Dearborn Street Station,L- 79,47 W Polk St,1885,Cyrus L. W. Eidlitz,3/2/1982,41.87174055,-87.62910493,"(41.8717405487, -87.6291049252)",60605,Landmark
Wrigley Building,L-320,400-410 North Michigan Avenue,1921,"Graham, Anderson, Probst and White",5/9/2012,41.88972563,-87.62485292,"(41.8897256315, -87.6248529223)",60611,Landmark
St. Gelasius Church Building,L- 02,6401-09 S Woodlawn Ave,1923-28,Henry J. Schlacks,1/14/2004,41.77835168,-87.59576093,"(41.7783516794, -87.5957609348)",60637,Landmark
(Former) Calumet National Bank Bldg,L-261,9117 S Commercial Av,,,7/9/2008,41.72951124,-87.55084594,"(41.7295112391, -87.5508459436)",60617,Landmark
White Castle # 16,L-312,43 East Cermak Road,1930,Lewis E. Russell,10/5/2011,41.85263792,-87.62532982,"(41.8526379217, -87.6253298227)",60616,Landmark
Old Republic Building,L-299,307 N. Michigan Ave,1924,K. M. Vitzthum and Company,12/8/2010,41.88708645,-87.62418141,"(41.887086452, -87.6241814106)",60601,Landmark
Trustees System Service Building,L- 03,201 N Wells St,1929-30,"Thielbard & Fugard w/ Eugene&Gwen Lux,Edgar Miller",1/14/2004,41.88604619,-87.63363399,"(41.8860461885, -87.6336339931)",60606,Landmark
Wrigley Field,L- 04,1060 W Addison St,1914,Zachary T. & Charles G. Davis,2/11/2004,41.94814483,-87.65554259,"(41.9481448318, -87.6555425867)",60613,Landmark
"(Former) Engine Company 35, Truck 28",L-228,1625 N Damen Av,"18,941,904","Board of Public Works, add: W. C. Zimmerman",10/1/2003,41.91123781,-87.67714161,"(41.9112378121, -87.6771416078)",60647,Landmark
Allerton Hotel,L- 45,701 N Michigan Av,1922,Murgatroyd & Ogden with Fugard & Knapp,4/29/1998,41.89520098,-87.62371376,"(41.8952009758, -87.6237137555)",60611,Landmark
Chicago & Illinois Western Bridge,L-247,"Collateral Channel Water Lot D,33rd,E of Kedzie",,,12/12/2007,41.83403328,-87.70194285,"(41.8340332832, -87.7019428541)",60632,Landmark
Robert W. Roloson Houses,L-177,3213-19 S Calumet Av,1894,Frank Lloyd Wright,12/27/1979,41.83605095,-87.61786831,"(41.8360509541, -87.617868313)",60616,Landmark
"Engine Company 65, Truck 52",L-237,"3000 W. 42nd St, Chicago, IL",1929,"Paul Gerhardt, Jr.",10/1/2003,41.80373386,-87.73535704,"(41.8037338592, -87.7353570425)",60632,Landmark
Chicago Building,L- 67,7 W Madison St,1905,Holabird & Roche,3/26/1996,41.88184956,-87.62817297,"(41.881849562, -87.6281729688)",60602,Landmark
American System-Built Houses,L- 48,10541 S Hoyne Av,1917,Frank Lloyd Wright,7/13/1994,41.7015922,-87.67382636,"(41.7015922036, -87.6738263553)",60643,Landmark
Continental And Commercial National Bank Building,L-252,208 South LaSalle St,,,12/12/2007,41.87907898,-87.63301185,"(41.8790789815, -87.6330118538)",60604,Landmark
Blackstone Library,L-297,4904 S. Lake Park Ave,1904,Solon Spencer Beman,1/13/2011,41.80582879,-87.59030595,"(41.805828791, -87.5903059538)",60615,Landmark
Home Bank & Trust Company,L-256,1200-08 N Ashland Av / 1600-12 W Division St,,Karl M. Vitzthum,2/6/2008,41.9036108,-87.66796079,"(41.9036108008, -87.6679607871)",60622,Landmark
Metropolitan Missionary Baptist Church,L-146,2151 W Washington Blvd,1901,Hugh M.G. Garden,2/16/1989,41.88280034,-87.68124236,"(41.8828003421, -87.6812423555)",60612,Landmark
Noble-Seymour-Crippen House,L-153,5624 N Newark Av,1833,"addit 1863, Architects Unknown",5/11/1988,41.98361513,-87.79584731,"(41.9836151349, -87.7958473092)",60631,Landmark
Roberts Temple Church of God in Christ Building,L- 30,4021 S State St,1922,"Edward G. McClellan add:1927,unknown,remod:1992-93",3/29/2006,41.82120993,-87.62591133,"(41.8212099271, -87.6259113331)",60609,Landmark
Soldiers' Home,L- 26,739 E 35th St,1864-1923,William W. Boyington (1866 sect),4/16/1996,41.83075107,-87.60747387,"(41.8307510749, -87.6074738685)",60616,Landmark
Michigan Avenue Bridge and Wacker Dr Esplanade,L-220,"S Side of Chicago River, bet Michigan and Wabash",1920&1926,Bridge & Bridge Hses:1920:E. Bennett,10/2/1991,41.88856216,-87.62481604,"(41.8885621636, -87.6248160434)",,Landmark
Madonna Della Strada Chapel,L-137,6453 N. Kenmore Avenue,1938-39,Andrew N. Rebori,9/2/2004,41.99955864,-87.6562472,"(41.9995586369, -87.6562471998)",60660,Landmark
Griffiths-Burroughs House,L-292,3806 S. Michigan Avenue,1892,Solon S. Beman,2/10/2010,41.82526647,-87.62366524,"(41.8252664679, -87.6236652359)",60653,Landmark
Assumption School,L- 49,319 W Erie St,1899,Frederick R. Foltz,7/9/2003,41.8937173,-87.63651848,"(41.8937173011, -87.6365184841)",60654,Landmark
Lindemann and Hoverson Company,L-270,2620 W Washington Blvd,,,,41.88335059,-87.69187042,"(41.8833505943, -87.691870419)",60612,Landmark
Main Building at Illinois Institute of Technology,L- 13,3320 S Federal St,1891-93,Patton & Fisher,5/26/2004,41.8336805,-87.62922306,"(41.8336805026, -87.6292230641)",60616,Landmark
Whistle Stop Inn,L-211,4200 W Irving Park Rd,1889,Architect Unknown,12/5/1990,41.95381757,-87.7326763,"(41.953817572, -87.7326762984)",60641,Landmark
Shedd Park Fieldhouse,L- 05,"3600 W 23rd St, Chicago, IL",1916-17,William Drummond,2/11/2004,41.85016619,-87.71706068,"(41.85016619, -87.7170606822)",60623,Landmark
Brooks Building,L- 56,233 W Jackson Blvd,1910,Holabird & Roche,1/14/1997,41.87787644,-87.63477822,"(41.8778764445, -87.634778221)",60606,Landmark
Immaculata High School & Convent Buildings,L- 20,640 W Irving Park Rd & 4030 N Marine Dr,1922,Barry Byrne,7/27/1983,41.95512134,-87.6462916,"(41.9551213381, -87.646291602)",60613,Landmark
Chicago Theater,L- 69,175 N State St,1921,Rapp and Rapp,1/28/1983,41.88538851,-87.62722322,"(41.8853885067, -87.6272232232)",60601,Landmark
Auditorium Building,L- 50,430 S Michigan Av,1886-90,Adler & Sullivan,9/15/1976,41.87603942,-87.62516001,"(41.8760394215, -87.6251600082)",60605,Landmark
227 East Walton Place Apartment Building,L-314,227 East Walton Place,1956,Harry Weese,5/9/2012,41.89981429,-87.62077823,"(41.8998142935, -87.6207782308)",60611,Landmark
New Regal Theater,L-151,1641 E 79th st,1927,John Eberson,6/17/1992,41.75124738,-87.5835097,"(41.7512473796, -87.5835096955)",60649,Landmark
Engine Company 78,L-231,1052 W Waveland Av,1915,Charles W. Kallal,10/1/2003,41.94930082,-87.65656809,"(41.9493008207, -87.6565680861)",60613,Landmark
King-Nash House,L-129,3234 W Washington Blvd,1901,George W. Maher,2/10/1988,41.88305494,-87.70759499,"(41.883054938, -87.7075949912)",60624,Landmark
(Former) Swedish American State Bank Bldg,L-264,5400 N Clark St,,,7/9/2008,41.97997886,-87.66855143,"(41.9799788623, -87.6685514296)",60640,Landmark
Stephen Race House,L-171,3945 N Tripp Av,1874,Architect Unknown,9/22/1988,41.95310186,-87.73367075,"(41.9531018569, -87.7336707451)",60641,Landmark
Pate-Comiskey House,L-162,5131 S Michigan Av,1901,George Maher,10/1/2003,41.80101655,-87.62214969,"(41.8010165532, -87.6221496925)",60615,Landmark
Heald Square Monument,L-206,Wacker Dr at Wabash Av,1936-41,"Lorado Taft & Leonrd Crunelle, Sculptors",9/15/1971,41.88700528,-87.62692807,"(41.8870052799, -87.6269280677)",60601,Landmark
Kaufmann Store and Flats,L-125,2312-14 N Lincoln Av (S Half:1883;North Half:1887),1883,Adler & Sullivan,4/16/1996,41.92386743,-87.64707107,"(41.9238674291, -87.6470710728)",60614,Landmark
Yale Apartments,L-215,"6565 S Yale Av, Chicago, IL",1892-93,John T. Long,4/9/2003,41.77470411,-87.63129622,"(41.7747041062, -87.631296223)",60621,Landmark
Carl Schurz High School,L-180,3601 N Milwaukee Av,1910,Dwight H. Perkins,12/7/1979,41.9472703,-87.73563931,"(41.9472702951, -87.7356393075)",60641,Landmark
Gage Group,L- 98,"18,24, and 30 S Michigan Av",1899-1900,"Louis H. Sullivan (18),Holabird & Roche (25 & 30)",9/11/1996,41.88132379,-87.62498015,"(41.8813237899, -87.6249801492)",60604,Landmark
Jewish People's Institute,L- 23,3500 W Douglas Blvd,1927,Klaber & Grunfeld,6/28/2000,41.86325563,-87.71337292,"(41.863255626, -87.7133729164)",60623,Landmark
(Former) Fullerton State Bank Bldg,L-262,1425 W Fullerton Av,,,7/9/2008,41.92494553,-87.66435202,"(41.9249455279, -87.6643520227)",60614,Landmark
McGraw-Hill Building,L-144,520 N Michigan Av,1928-29,Thielbar & Fugard,2/7/1997,41.89141092,-87.62489269,"(41.891410922, -87.6248926856)",60611,Landmark
Site of the Sauganash Hotel/Wigwam,L-188,"Lake St & Wacker Dr, Chicago, IL",1831,,11/6/2002,41.8853654,-87.63647275,"(41.8853653984, -87.6364727484)",60606,Landmark
Samuel M. Nickerson House,L-152,40 E Erie St,1883,Burling & Whitehouse,9/28/1977,41.89435058,-87.62653379,"(41.8943505796, -87.6265337873)",60611,Landmark
Third Unitarian Church Building,L-259,301 N Mayfield Av,1936,"Paul Schweikher, addit in 1956:William Fyfe",2/6/2008,41.88587724,-87.77151773,"(41.8858772448, -87.7715177336)",60644,Landmark
"Garfield Boulevard ""L"" Station and Overpass",L- 99,319 E Garfield Blvd,1892,Myron Church,12/12/2001,41.79373533,-87.61830365,"(41.7937353344, -87.6183036472)",60637,Landmark
(Former) Schlitz BreweryTied-House@958W.69th St.,L-304,958 W. 69th St.,1898,Unknown,7/6/2011,41.76900629,-87.64920136,"(41.769006287, -87.6492013632)",60621,Landmark
Leiter II Building,L- 25,403 S State St,1891,William LeBaron Jenney,1/14/1997,41.87633704,-87.62718672,"(41.8763370403, -87.6271867248)",60505,Landmark
Chapin and Gore Building,L- 64,63 E Adams,1904,Richard E. Schmidt and Hugh M.G. Garden,1/21/1982,41.87932732,-87.62561478,"(41.8793273197, -87.6256147818)",60604,Landmark
Carson Pirie Scott & Company Building,L- 63,1 S State St,1898-99,"Louis H. Sullivan, 1905-6:D.H. Burnham&Co.",11/5/1970,41.88140588,-87.62698011,"(41.8814058757, -87.6269801114)",60603,Landmark
Albert F. Madlener House,L-136,4 W Burton Pl,1902,Richard E. Schmidt & Hugh M.G. Garden,3/22/1973,41.9096486,-87.62922179,"(41.9096485971, -87.6292217949)",60610,Landmark
Chicago & Western Indiana  Railroad Bridge,L-243,"Calumet River, 126th St, W of Torrence Av",1967-68,James Peterson,12/12/2007,41.66934061,-87.55896435,"(41.6693406136, -87.558964347)",60617,Landmark
Belle Shore Apartment Hotel,L- 55,1062 W Bryn Mawr Av,1928-29,Nathaniel Koenigsberg & Leon Weisfeld,11/6/2002,41.98385069,-87.65762447,"(41.9838506859, -87.6576244692)",60660,Landmark
Site of the Origin of the Chicago Fire of 1871,L-187,"Dekoven & Jefferson St, Chicago, IL",1871,"comm sculpture,""Pillar of Fire"" Egon Weiner 1961",9/15/1971,41.86927206,-87.64199072,"(41.8692720628, -87.6419907162)",60607,Landmark
Emil Bach House,L- 51,7415 N Sheridan Road,1915,Frank Lloyd Wright,9/28/1977,42.01658291,-87.6647753,"(42.0165829133, -87.6647753031)",60626,Landmark
Field Building,L- 91,135 S LaSalle St,1924-34,"Graham, Anderson, Probst & White",2/9/1994,41.87976425,-87.63154777,"(41.8797642534, -87.6315477722)",60604,Landmark
Rookery Building,L-156,209 S LaSalle St,1885-88,Burnham & Root,7/5/1972,41.87907613,-87.63179743,"(41.8790761299, -87.6317974337)",60612,Landmark
Pulaski Park Fieldhouse,L-168,1419 W Blackhawk St,1912-14,William Carbys Zimmerman,7/29/2003,41.90648537,-87.66328365,"(41.9064853706, -87.6632836491)",60642,Landmark
"Engine Company 45, Truck 15",L-233,4600 S Cottage Grove Av,1928,Argyle E. Robinson,10/1/2003,41.81118499,-87.6070024,"(41.8111849939, -87.6070024003)",60653,Landmark
London Guarantee Building,L-134,360 N Michigan Av,1922-23,Alfred S. Alschuler,4/16/1996,41.88795571,-87.62505786,"(41.8879557052, -87.6250578561)",60601,Landmark
McGill House,L- 28,4938 S Drexel Blvd,1891,Henry Ives Cobb,4/26/2006,41.80486126,-87.60479119,"(41.8048612592, -87.6047911873)",60615,Landmark
Ludington Building,L-135,1104 S Wabash Av,1891,William LeBaron Jenney,6/10/1996,41.86900585,-87.62635497,"(41.8690058489, -87.626354968)",60605,Landmark
(Former) Schlitz BreweryTied-House@3456SWestern,L-307,3456 S. Western Ave.,1899,Kley & Lang,7/6/2011,41.83042248,-87.68544494,"(41.8304224833, -87.6854449419)",60608,Landmark
Second Presbyterian Church,L-182,1928-1936 S Michigan Av,1874,James Renwick Recon:1900;Howard Van Doren Shaw,9/28/1977,41.85572488,-87.62435931,"(41.8557248795, -87.6243593054)",60616,Landmark
(Former) Schlitz Brewery-Tied House,L-300,"5120 N. Broadway, Chicago, IL",1904,Charles Thisslew,5/4/2011,41.97522511,-87.66025837,"(41.9752251056, -87.6602583662)",60640,Landmark
Lorado Taft's Midway Studios,L-192,6016 S Ingleside Dr,1890-1929,"Arch ?, recon:1929;O F Johnson Add:1964;E D Dart",12/1/1993,41.78552641,-87.6032052,"(41.7855264091, -87.6032052025)",60637,Landmark
(Former) Sheridan Trust and Savings Bank Building,L-271,4753 N Broadway,1924-28,"Marshall & Fox, Huszagh & Hill",10/8/2008,41.96862254,-87.65913012,"(41.9686225445, -87.65913012)",60640,Landmark
"Pennsylvania ""Eight Track"" Bridge",L-246,"San & Ship Canal, S of 31st & W of Western Av",,,12/12/2007,41.83707881,-87.68759544,"(41.8370788107, -87.6875954375)",60608,Landmark
Uptown Theater,L-202,4816 N Broadway,1925,Rapp & Rapp,10/2/1991,41.96952571,-87.66019567,"(41.969525712, -87.6601956677)",60640,Landmark
"Eighth Church of Christ, Scientist",L- 87,4359 S Michigan Av,1911,Leon E. Stanhope,6/9/1993,41.81498777,-87.62250788,"(41.8149877687, -87.6225078834)",60653,Landmark
Chicago Harbor Lighthouse,L- 19,"S End of the North Breakwater,N side of Harbor Ent",1893,Unknown,4/9/2003,41.88927337,-87.59040947,"(41.8892733652, -87.5904094691)",60611,Landmark
Chess Records Office and Studio,L- 66,2120 S Michigan Av,1911,Horatio Wilson,5/16/1990,41.85360644,-87.6242199,"(41.8536064409, -87.6242198953)",60616,Landmark
Isidore H. Heller House,L-111,5132 S Woodlawn Av,1897,Frank Lloyd Wright,9/15/1971,41.80140832,-87.5971117,"(41.8014083215, -87.5971117009)",60615,Landmark
St Ignatius College Prep Building,L-221,1076 W Roosevelt Rd,1869,Toussaint Menard west add:1874;John P. Huber,3/18/1987,41.86741856,-87.65412204,"(41.867418562, -87.6541220413)",60608,Landmark
Gauler Twin House,L-101,5921 N Magnolia Av,1908,Walter Burley Griffin,6/28/2000,41.98970697,-87.66119344,"(41.9897069735, -87.6611934358)",60660,Landmark
Museum of Science and Industry,L- 27,57th St and Lake Shore Dr,1891-93,Charles B. Atwood,11/1/1995,41.79054723,-87.58287466,"(41.7905472338, -87.5828746617)",60637,Landmark
Village Theatre,L-276,1546-1550 N Clark St,,,,41.91084528,-87.63208883,"(41.9108452763, -87.6320888311)",60610,Landmark
Stephen A. Douglas Memorial,L- 84,35th St and Cottage Grove Av,1881,Leonard W. Volk,9/28/1977,41.83162805,-87.60840332,"(41.8316280537, -87.6084033152)",60653,Landmark
Site of the 1st Self-Sustain Cont. Nuclear Chain,L-184,East Side of S Ellis Ave between 56th & 57th St,1942,"Commern. sculpture,""Nuclear Energy"" Henry Moore",10/27/1971,41.79216212,-87.6008699,"(41.7921621211, -87.6008698951)",60637,Landmark
Fisher Building,L- 94,343 S Dearborn St,1896,D.H. Burnham & Co. 1907:side add. Peter Weber,6/7/1978,41.87719864,-87.62899138,"(41.8771986354, -87.6289913776)",60604,Landmark
(Former) South Side Trust Bank Bldg,L-263,4659 S Cottage Grove Av,,,7/9/2008,41.80976635,-87.60611328,"(41.8097663459, -87.6061132825)",60653,Landmark
Robert Lindblom Technical High Schoool building,L-296,6130 S. Wolcott Ave,1917-1919,Arthur F. Hussander,6/9/2010,41.78209706,-87.67216458,"(41.7820970584, -87.6721645801)",60636,Landmark
Reliance Building,L-175,32 N State St,1890,base:Burham & Root Upper Stor: D.H. Burnham and Co,7/11/1975,41.88302856,-87.62824151,"(41.8830285557, -87.6282415079)",60602,Landmark
Dr. Philip Weintraub House,L-283,3252 W. Victoria St,,Andrew N. Rebori,9/3/2009,41.98593715,-87.7110509,"(41.9859371464, -87.7110509022)",60659,Landmark
Charles D. Iglehart House,L-117,11118 S Artesian Av,1857,Architect Unknown,7/13/1994,41.69118327,-87.68276849,"(41.6911832728, -87.6827684859)",60655,Landmark
Engine Company 61,L-232,5349 S Wabash Av,1927-28,Charles W. Kallal,10/1/2003,41.79669781,-87.62366078,"(41.7966978108, -87.6236607767)",60615,Landmark
Pilgrim Baptist Church,L-166,3301 S Indiana Av,1890-91,Adler & Sullivan,12/18/1981,41.83446443,-87.62148251,"(41.8344644349, -87.621482506)",60616,Landmark
Kenwood United Church of Christ,L-311,4600-4608 South Greenwood Avenue,1930,"William W. Boyington, Henry B. Wheelock,Chatten",10/5/2011,41.81116725,-87.59978107,"(41.8111672548, -87.599781067)",60653,Landmark
West Town State Bank Building,L-209,2400 W Madison St,1929-30,Mundie & Jensen,10/1/2003,41.88143107,-87.68673538,"(41.8814310723, -87.6867353759)",60612,Landmark
Navy Pier (Headhouse and East End Building),L-150,Grand Av and Streeter Dr at Lake Michigan,1916,Charles Summer Frost,11/14/1977,41.89173526,-87.60469642,"(41.8917352558, -87.6046964212)",60611,Landmark
Carl Sandburg House,L- 34,4646 N Hermitage Av,1886,Unknown,10/4/2006,41.96657208,-87.67298946,"(41.9665720815, -87.6729894567)",60640,Landmark
63rd Street Bathing Pavilion,L-222,"Lake Shore Dr and 63rd St, Chicago, IL",1919,South Park Commission Architects,12/8/2004,41.78144144,-87.57371255,"(41.7814414364, -87.5737125481)",60615,Landmark
Bryan Lathrop House,L- 31,120 E Bellevue Pl,1892,"McKim, Meade & White",5/9/1973,41.90187971,-87.62506376,"(41.9018797146, -87.625063762)",60611,Landmark
Fisher Studio Houses,L- 80,1209 N State Pkwy,1936,Andrew Rebori & Edgar Miller,7/31/1996,41.90427607,-87.6282942,"(41.9042760697, -87.6282941956)",60610,Landmark
(Former) Marshfield Trust and Savings Bank Bldg,L-272,3321 N Lincoln Av,,,,41.9421918,-87.67016345,"(41.9421918025, -87.6701634545)",68467,Landmark
Chicago City  Bank & Trust Co,L-268,815-815 W 63RD ST,1920,,,41.77939885,-87.64552885,"(41.7793988527, -87.6455288502)",60621,Landmark
Courthouse Place,L- 77,54 W Hubbard St,1893,Otto H. Matz,6/9/1993,41.89027098,-87.63013194,"(41.8902709798, -87.6301319449)",60654,Landmark
Drake Fountain,L- 06,92nd St @ South Chicago & Exchange Ave,1892,Richard Henry Park,3/10/2004,41.7280941,-87.55275866,"(41.7280940998, -87.552758661)",60617,Landmark
Marquette Building,L-140,140 S Dearborn St,1895,Holabird and Roche,6/9/1975,41.87978697,-87.62974012,"(41.8797869732, -87.6297401183)",60603,Landmark
Powhatan Apartments,L- 24,4950 S Chicago Beach Dr,1927-29,Robert DeGolyer & Charles Morgan,1/12/1993,41.8046084,-87.58447185,"(41.8046084045, -87.5844718519)",60615,Landmark
Chicago Motor Club Building,L-315,69 E. Wacker Place,1928,Holabird & Root,5/9/2012,41.88703479,-87.62542509,"(41.8870347853, -87.6254250923)",60601,Landmark
Metropolitan Apostolic Community Church Building,L- 39,4100 S Dr Martin Luther King Jr Dr,1890,John Turner Long.1913 mn sanc alt Charles S Frost,7/19/2007,41.81999824,-87.6175253,"(41.8199982447, -87.6175252982)",60653,Landmark
Delaware Building,L- 95,36 W Randolph St,1872-74,"Wheelock & Thomas,2 story add + atrium 1889 Huber",11/23/1983,41.88468607,-87.62919338,"(41.884686068, -87.629193382)",60601,Landmark
Truevine Missionary Baptist Church Building,L- 37,6720 S Stewart Av,1892,Holabird and Roche,2/7/2007,41.77178451,-87.63525636,"(41.7717845083, -87.6352563581)",60621,Landmark
First Church of Deliverance,L- 78,4315 S Wabash Av,1939,"Walter T. Bailey,1946 Add. Kocher,Buss & DeKlerk",10/5/1994,41.81588261,-87.62415888,"(41.8158826088, -87.624158884)",60653,Landmark
Harris and Selwyn Theaters,L-108,180-90 N Dearborn st,1922,C. Howard Crane & H Kenneth Franzheim,3/31/1983,41.88505279,-87.629876,"(41.8850527944, -87.6298759973)",60601,Landmark
Rockefeller Memorial Chapel,L-178,"1156 E 59th St, Chicago, IL",1925-28,Bertram Grosvenor Goodhue Associates,11/3/2004,41.78852591,-87.59704431,"(41.7885259092, -87.5970443072)",60637,Landmark
John Jacob Walser House,L-204,42 N Central Av,1903,Frank Llyod Wright,3/30/1984,41.8815282,-87.7653739,"(41.8815281961, -87.765373899)",60644,Landmark
Charles Turzak House,L-199,7059 N Olcott Av,1938-39,Bruce Goff,12/9/1992,42.00956308,-87.81325194,"(42.0095630785, -87.8132519358)",60631,Landmark
Theurer-Wrigley House,L-194,2466 N Lakeview Av,1896,Richard E. Schmidt,8/10/1979,41.9275524,-87.63953901,"(41.9275524015, -87.6395390064)",60614,Landmark
Holy Trinity Orthodox Cathedral and Rectory,L-114,1121 N Leavitt St,1903,Louis H. Sullivan,3/21/1979,41.9019437,-87.68178871,"(41.9019437029, -87.6817887088)",60622,Landmark
(Former) Schlitz BreweryTied-House@2159 W.Belmont,L-305,2159 W. Belmont Ave.,1903-1904,Charles Thisslew,7/6/2011,41.9392502,-87.68303313,"(41.9392502017, -87.6830331298)",60618,Landmark
South Side Community Art Center,L-190,3831 S Michigan Av,1892-93,Gustav Hallburg remod:1940;Hin Bredendieck&Lerner,6/16/1994,41.82458595,-87.62264066,"(41.8245859483, -87.6226406573)",60653,Landmark
Humboldt Park Receptory Building and Stable,L-257,3015 W Divison St,,,2/6/2008,41.90230679,-87.70333639,"(41.9023067948, -87.70333639)",60622,Landmark
Jackson-Thomas House,L-122,7053 N Ridge Blvd,1874,Architect Unknown,10/16/1984,42.01039242,-87.68192948,"(42.010392421, -87.6819294776)",60645,Landmark
American School of Correspondence,L- 46,850 E 58th St,1907,Pond & Pond,4/15/1995,41.78975392,-87.60410363,"(41.789753922, -87.6041036284)",60637,Landmark
Palmer House Hotel,L- 35,17 E Monroe St,1925-27,Holabird & Roche,12/13/2006,41.88030689,-87.62695422,"(41.8803068866, -87.6269542177)",60603,Landmark
Site of Haymarket Tragedy,L-186,"Desplaines St(650W), bet Randolph & Lake",1886,,3/25/1992,41.88515607,-87.64420847,"(41.8851560683, -87.6442084744)",60654,Landmark
"Engine Company 59, Truck 47",L-235,5714 N Ridge Av,1928,Argyle E. Robinson,10/1/2003,41.98572406,-87.66403315,"(41.9857240595, -87.6640331512)",60660,Landmark
Schoenhofen Brewery,L-179,18th St & Canalport (500W),1886,Admin Bldg: Adolph Cudell,7/13/1988,41.85805569,-87.63973188,"(41.8580556905, -87.6397318774)",60616,Landmark
Wheeler-Kohn House,L-210,2016-20 S Calumet Av,1870,Otis L. Wheelock,2/5/1998,41.85491185,-87.61953359,"(41.8549118495, -87.6195335943)",60616,Landmark
"Abraham Lincoln Monument (""Standing Lincoln"")",L-107,Lincoln Park at Dearborn Parkway,1887,"A Saint-Gaudens,Sculptor & S White,Architect",12/12/2001,41.91260406,-87.63025542,"(41.9126040562, -87.6302554195)",60610,Landmark
"Perkins, Fellows & Hamilton Office and Studio",L-165,814 N Michigan Av,1917,"Perkins, Fellows & Hamilton",12/1/1993,41.89723205,-87.62507267,"(41.8972320507, -87.6250726676)",60611,Landmark
Lorraine Hansberry House,L-291,6140 S. Rhodes Avenue,1909,Albert G. Ferree,2/10/2010,41.78273879,-87.6124201,"(41.7827387885, -87.6124201046)",60637,Landmark
(Former) Cosmopolitan State Bank Building,L-280,801 N Clark St,,,,41.89684722,-87.63082574,"(41.8968472205, -87.6308257431)",60610,Landmark
Henry Gerber House,L-102,1710 N Crilly Court,1885,Architect Unknown,6/6/2001,41.91321333,-87.63603058,"(41.9132133257, -87.636030583)",60614,Landmark
Union Stock Yard Gate,L-201,Exchange Av (4150S) at Peoria St (900W),1875,Burnham and Root,2/24/1972,41.81862876,-87.64868075,"(41.8186287649, -87.6486807529)",60620,Landmark
Kenna Apartments,L-127,2214 E 69th St,1916,Barry Byrne,9/12/1990,41.77010031,-87.57079824,"(41.7701003115, -87.5707982433)",60649,Landmark
Gauler Twin House,L-100,5917 N Magnolia Av,1908,Walter Burley Griffin,6/28/2000,41.9896117,-87.66119005,"(41.989611701, -87.6611900539)",60660,Landmark
Henry V. Peters House,L- 09,4731 N Knox Ave,1906,Walter Burley Griffin,5/5/2004,41.96721993,-87.74366994,"(41.9672199264, -87.743669935)",60630,Landmark
Daley Center,L- 78,50 West Washington St,1965,"C.F. Murphy Associates, Sculptor:Pablo Picasso",11/6/2002,41.88384712,-87.63018307,"(41.8838471156, -87.6301830697)",60602,Landmark
Abraham Groesbeck House,L-106,1304 W  Washington Blvd,1869,Otis L. Wheelock,1/12/1993,41.88329082,-87.66004766,"(41.8832908247, -87.6600476639)",60607,Landmark
George Cleveland Hall Branch Library,L-288,4801 S. Michigan Avenue,1931,Charles Hodgdon,2/10/2010,41.80711009,-87.62230102,"(41.80711009, -87.6223010197)",60615,Landmark
Hazelton-Mikota House,L-110,5453 N Forest Glen Av,1881,Architect Unknown,7/27/2005,41.98103936,-87.75387856,"(41.9810393623, -87.7538785635)",60630,Landmark
Holden Block,L-301,1027 W. Madison St.,1872,Stephen Vaughn Shipman,5/4/2011,41.88140273,-87.65325227,"(41.8814027295, -87.6532522723)",60607,Landmark
Harriet F. Rees House,L-316,2110 S. Prairie Ave.,1888,Cobb & Frost,3/14/2012,41.85392213,-87.62113488,"(41.853922125, -87.6211348779)",60616,Landmark
Ransom R Cable House,L- 38,25 E Erie St,1886,Cobb & Frost,4/11/2007,41.89388016,-87.62716599,"(41.8938801598, -87.627165987)",60611,Landmark
Mather Tower,L-142,75 E Wacker Dr,1928,Herbert Hugh Riddle,3/7/2001,41.88760598,-87.6254272,"(41.8876059776, -87.6254272014)",60601,Landmark
Site of Fort Dearborn,L-185,at the intersection of Miochigan av & Wacker Dr,1803-37,,9/15/1971,41.88835165,-87.62450977,"(41.8883516485, -87.6245097699)",60601,Landmark
One North LaSalle Building,L-160,1 N LaSalle St,1929-30,K.M. Vizthum & Co with John Burns,4/16/1996,41.88231361,-87.63200594,"(41.8823136051, -87.6320059355)",60602,Landmark
Allan Miller House,L-147,7121 S Paxton Av,1915,John S Van Bergan,12/1/1993,41.7654723,-87.57101082,"(41.7654723018, -87.5710108202)",60649,Landmark
Canaan Baptist Church of Christ Building,L- 61,6657-59 S Harvard Av,1904-05,Solon S. Beman,7/26/2006,41.77296259,-87.63278111,"(41.7729625919, -87.6327811067)",74136,Landmark
Oliver Building,L-158,159 N Dearborn St,1907,Top Addit 1920;Holabird & Roche,5/9/1984,41.88493929,-87.62925372,"(41.8849392948, -87.6292537203)",60601,Landmark
Jessie and William Adams House,L- 42,9326 S Pleasant Av,1901,Frank Lloyd Wright,6/16/1994,41.72399695,-87.67019015,"(41.7239969488, -87.6701901472)",60643,Landmark
Waller Apartments,L-203,2840-58 W Walnut St,1895,Frank Llyod Wright,3/2/1994,41.88563167,-87.69836233,"(41.8856316688, -87.6983623347)",60612,Landmark
Fine Arts Building,L- 92,410 S Michigan Av,1885,add & remod. 1898 Solon S. Beman,6/7/1978,41.87646843,-87.62484617,"(41.8764684299, -87.624846173)",60605,Landmark
(Former) Schlitz BreweryTied-House@3159NSouthport,L-306,3159 N. Southport Ave.,1903,Frommann and Jebsen,7/6/2011,41.93964771,-87.6634509,"(41.9396477129, -87.663450898)",60657,Landmark
Yondorf Block and Hall,L-216,758 W North Av,1887,Frederick Ahlschlager,7/25/2001,41.91119342,-87.64786908,"(41.9111934157, -87.6478690779)",60614,Landmark
Indian Boundary Park Fieldhouse,L-120,2500 W Lunt Av,1929,Clarence Hatzfeld,5/11/2005,42.0088761,-87.69259933,"(42.0088761044, -87.6925993315)",60645,Landmark
R.R. Donnelley & Sons Co. Calumet Plant,L- 08,350 E Cermak Rd,1912-25,Howard Van Doren Shaw,3/31/2004,41.85368038,-87.61828781,"(41.853680375, -87.6182878093)",60616,Landmark
Wendell Phillips High School,L- 22,244 E Pershing Rd,1904,William Bryce Mundie,5/7/2003,41.82475145,-87.61980653,"(41.8247514543, -87.6198065344)",60653,Landmark
Chicago & North Western Railway Powerhouse,L- 16,211 N Clinton St,1909-11,Frost & Granger,1/11/2006,41.88618882,-87.64090957,"(41.8861888154, -87.6409095654)",60661,Landmark
Shoreland Hotel,L-295,5454 South Shore Drive,1925-1926,Meyer Fridstein,9/8/2010,41.79618792,-87.58146142,"(41.7961879206, -87.5814614219)",60615,Landmark
John and Clara Merchant House,L-273,3854 N Kostner Av,,,,41.95148125,-87.73849062,"(41.9514812467, -87.7384906171)",60641,Landmark
Page Brothers Building,L- 40,177-191 N State St,1872,"John M. Van Osdel,1902 State St facade:Hill",1/28/1983,41.88548876,-87.62758983,"(41.8854887622, -87.6275898319)",60601,Landmark
Henry B Clarke House,L- 74,1855 S Indiana Av,1836,Unknown,10/14/1970,41.85706685,-87.62187159,"(41.8570668546, -87.6218715857)",60616,Landmark
Chicago and Alton Bridge,L-244,"S Fork of S Branch, N of Archer & E of Ashland",,,12/12/2007,41.83987359,-87.66464137,"(41.8398735943, -87.6646413674)",60608,Landmark
Blackstone Hotel,L- 18,636 S Michigan Ave,1910,Marshall & Fox,4/29/1998,41.87335142,-87.62477544,"(41.8733514222, -87.6247754392)",60605,Landmark
Carbide and Carbon Building,L- 62,230 N Michigan Av,1929,"Burnham Brothers, Inc.",5/9/1996,41.88652361,-87.62499482,"(41.8865236143, -87.6249948236)",60601,Landmark
American Book Company,L-284,320 E. Cermak Rd & 2132 S. Calumet Ave,1909,,,41.85322455,-87.61951752,"(41.8532245491, -87.6195175238)",60616,Landmark
All Saints Church and Rectory,L- 44,4550 N Hermitage Av,1883,John C. Cochrane,12/27/1982,41.96494523,-87.67294862,"(41.9649452289, -87.672948616)",60640,Landmark
Old Dearborn Bank Building,L-157,203 N Wabash Av,1928,C.W. & George L. Rapp,6/4/2003,41.88605727,-87.62601965,"(41.8860572654, -87.6260196521)",60601,Landmark
On Leong Merchants Association,L-159,2216 S Wentworth Av,1926-27,Michealsen & Rognstad,12/1/1993,41.8523735,-87.63231507,"(41.852373501, -87.6323150739)",60616,Landmark
Jewelers  Building,L-123,15-17 S Wabash Av,1881-82,Dankmar Adler with Louis H. Sullivan,12/8/1981,41.88161747,-87.62566717,"(41.8816174691, -87.6256671687)",60605,Landmark
Former Chicago Historical Society Building,L- 96,632 N Dearborn St,1892,Henry Ives Cobb,2/26/1997,41.89349504,-87.63006344,"(41.8934950442, -87.630063442)",60654,Landmark
Dr. Wallace C. Abbott House,L- 17,4605 N Hermitage Ave,1891,Dahlgren & Lievendahl - rear addit 1906 - unknown,3/1/2006,41.96542987,-87.6720606,"(41.9654298692, -87.6720606011)",60640,Landmark
Lake-Franklin Group,L-131,227-35 W Lake St & 173-91 N Franklin St,1872-75,"Burling & Adler, George Edbrooke. Addit 1896:Adler",2/26/1977,41.88536889,-87.63510253,"(41.8853688868, -87.6351025338)",60606,Landmark
Heyworth Building,L-112,29 E Madison st,1904,D.H. Burnham & Co.,9/27/2000,41.88185956,-87.62668738,"(41.8818595588, -87.6266873845)",60602,Landmark
Thalia Hall,L-193,1215-25 W 18th St,1892,Faber & Pagels,10/25/1989,41.85771018,-87.65729386,"(41.8577101822, -87.6572938552)",60608,Landmark
Palmolive Building,L-161,919 N Michigan Av,1927-29,Holabird & Root,2/16/2000,41.89977946,-87.62350152,"(41.899779462, -87.623501521)",60611,Landmark
St Charles Air Line Bridge,L-241,"S B Chgo River, N of 16th St & E of Lumber St",,,12/12/2007,41.86092399,-87.63453042,"(41.8609239906, -87.6345304179)",60604,Landmark
LaSalle Street Cable Car Powerhouse,L-133,500 N LaSalle St,1887,North Chicago Street Railroad Co.,6/27/2001,41.89103913,-87.63296226,"(41.8910391333, -87.6329622566)",60654,Landmark
Quinn Chapel,L-169,2401 S Wabash Av,1892,Henry F. Starbuck,8/31/1977,41.84907304,-87.62507641,"(41.8490730441, -87.6250764052)",60616,Landmark
North Chicago Hospital Building,L-277,2551 N Clark Street,,,,41.92947136,-87.64201185,"(41.9294713553, -87.6420118526)",60614,Landmark
Peoples Gas-South Chicago Neighborhood Store,L-164,8935 S Commercial Av,1925,George Grant Elmslie & Herman V. von Holst,4/16/1996,41.73264845,-87.55092055,"(41.7326484509, -87.5509205468)",60617,Landmark
(Former) Schlitz BreweryTied-House@1944 N.Oakley,L-310,1944 N. Oakley Ave.,1898,Kley  & Lang,10/5/2011,41.91748424,-87.6852557,"(41.917484239, -87.6852556957)",60647,Landmark
Getty Tomb,L-103,"Graceland Cemetery, 4011 N Clark St",1890,Louis H. Sullivan,3/10/1971,41.96123007,-87.66118862,"(41.9612300749, -87.6611886208)",60613,Landmark
"Engine Company 129, Truck 50",L-236,8120 S Ashland Av,1928-29,Argyle E. Robinson,10/1/2003,41.74600513,-87.66370577,"(41.746005133, -87.6637057717)",60620,Landmark
James Charnley House,L- 65,1365 N Astor st,1891,"Adler and Sullivan, Frank Lloyd Wright",8/20/1972,41.90764802,-87.62747782,"(41.9076480171, -87.627477823)",60610,Landmark
Beeson House and Coach House,L-224,5810 W Midway Park,1892,Frederick Schock,1/20/1999,41.88931789,-87.77060811,"(41.8893178892, -87.7706081072)",60644,Landmark
